timestamp,lap,ego_x,ego_y,ego_vel,ego_s,ego_d,opp_x,opp_y,opp_vel,opp_s,opp_d,rel_x,rel_y,rel_vel,rel_s,rel_d,imm_trajectory,imm_active
1784491295.2886882,0,-13.193308355931718,-3.363851427787742,0.1694483803639517,13.579674069325288,-0.37153368783434576,-19.075574221034138,-5.178500014453714,0.11364203095365605,18.007565495493917,-0.3720617400480316,-5.88226586510242,-1.8146485866659723,-0.055806349410295664,4.42789142616863,-0.0005280522136858479,"[(-12.247229415927945, -3.9735152243677776), (-11.735979415927982, -4.484765224367742), (-11.217229415928042, -5.003515224367682), (-10.690979415928126, -5.529765224367598), (-10.157229415928235, -6.06351522436749), (-9.615979415928368, -6.604765224367357), (-9.067229415928525, -7.153515224367201), (-8.510979415928706, -7.70976522436702), (-7.94722941592891, -8.273515224366816), (-7.375979415929139, -8.844765224366588), (-6.797229415929392, -9.423515224366335), (-6.2109794159296685, -10.00976522436606), (-5.61722941592997, -10.60351522436576), (-5.015979415930294, -11.204765224365435), (-4.407229415930644, -11.813515224365085), (-3.790979415931017, -12.429765224364713), (-3.1672294159314136, -13.053515224364316), (-2.535979415931834, -13.684765224363895), (-1.8972294159322787, -14.323515224363451), (-1.2509794159327476, -14.969765224362982), (-0.5972294159332407, -15.623515224362489), (0.06402058406624223, -16.284765224361973), (0.7327705840657011, -16.953515224361432), (1.409020584065136, -17.629765224360867), (2.0927705840645467, -18.313515224360277), (2.7840205840639336, -19.004765224359662), (3.4827705840632963, -19.703515224359023), (4.189020584062635, -20.409765224358363), (4.902770584061949, -21.12351522435768), (5.62402058406124, -21.84476522435697), (6.352770584060506, -22.573515224356235), (7.089020584059749, -23.309765224355477), (7.8327705840589665, -24.053515224354694), (8.58402058405816, -24.80476522435389), (9.34277058405733, -25.56351522435306), (10.109020584056477, -26.329765224352208), (10.8827705840556, -27.10351522435133), (11.664020584054697, -27.884765224350428), (12.45277058405377, -28.6735152243495), (13.24902058405282, -29.46976522434855), (14.052770584051846, -30.273515224347577), (14.864020584050847, -31.08476522434658), (15.682770584049825, -31.903515224345558), (16.509020584048777, -32.72976522434451), (17.34277058404771, -33.56351522434344)]",True
1784491295.3259382,0,-13.193308355931718,-3.363851427787742,0.1694483803639517,13.579674069325288,-0.37153368783434576,-19.075574221034138,-5.178500014453714,0.11364203095365605,18.007565495493917,-0.3720617400480316,-5.88226586510242,-1.8146485866659723,-0.055806349410295664,4.42789142616863,-0.0005280522136858479,"[(-12.247229415927945, -3.9735152243677776), (-11.735979415927982, -4.484765224367742), (-11.217229415928042, -5.003515224367682), (-10.690979415928126, -5.529765224367598), (-10.157229415928235, -6.06351522436749), (-9.615979415928368, -6.604765224367357), (-9.067229415928525, -7.153515224367201), (-8.510979415928706, -7.70976522436702), (-7.94722941592891, -8.273515224366816), (-7.375979415929139, -8.844765224366588), (-6.797229415929392, -9.423515224366335), (-6.2109794159296685, -10.00976522436606), (-5.61722941592997, -10.60351522436576), (-5.015979415930294, -11.204765224365435), (-4.407229415930644, -11.813515224365085), (-3.790979415931017, -12.429765224364713), (-3.1672294159314136, -13.053515224364316), (-2.535979415931834, -13.684765224363895), (-1.8972294159322787, -14.323515224363451), (-1.2509794159327476, -14.969765224362982), (-0.5972294159332407, -15.623515224362489), (0.06402058406624223, -16.284765224361973), (0.7327705840657011, -16.953515224361432), (1.409020584065136, -17.629765224360867), (2.0927705840645467, -18.313515224360277), (2.7840205840639336, -19.004765224359662), (3.4827705840632963, -19.703515224359023), (4.189020584062635, -20.409765224358363), (4.902770584061949, -21.12351522435768), (5.62402058406124, -21.84476522435697), (6.352770584060506, -22.573515224356235), (7.089020584059749, -23.309765224355477), (7.8327705840589665, -24.053515224354694), (8.58402058405816, -24.80476522435389), (9.34277058405733, -25.56351522435306), (10.109020584056477, -26.329765224352208), (10.8827705840556, -27.10351522435133), (11.664020584054697, -27.884765224350428), (12.45277058405377, -28.6735152243495), (13.24902058405282, -29.46976522434855), (14.052770584051846, -30.273515224347577), (14.864020584050847, -31.08476522434658), (15.682770584049825, -31.903515224345558), (16.509020584048777, -32.72976522434451), (17.34277058404771, -33.56351522434344)]",True
1784491295.375663,0,-13.187643912503002,-3.3581973584112377,0.33211663809528624,13.579674069325288,-0.37153368783434576,-19.06980949868773,-5.178502678987216,0.3021712963687455,18.007565495493917,-0.3720617400480316,-5.882165586184726,-1.820305320575978,-0.02994534172654073,4.42789142616863,-0.0005280522136858479,"[(-12.247229415927945, -3.9735152243677776), (-11.735979415927982, -4.484765224367742), (-11.217229415928042, -5.003515224367682), (-10.690979415928126, -5.529765224367598), (-10.157229415928235, -6.06351522436749), (-9.615979415928368, -6.604765224367357), (-9.067229415928525, -7.153515224367201), (-8.510979415928706, -7.70976522436702), (-7.94722941592891, -8.273515224366816), (-7.375979415929139, -8.844765224366588), (-6.797229415929392, -9.423515224366335), (-6.2109794159296685, -10.00976522436606), (-5.61722941592997, -10.60351522436576), (-5.015979415930294, -11.204765224365435), (-4.407229415930644, -11.813515224365085), (-3.790979415931017, -12.429765224364713), (-3.1672294159314136, -13.053515224364316), (-2.535979415931834, -13.684765224363895), (-1.8972294159322787, -14.323515224363451), (-1.2509794159327476, -14.969765224362982), (-0.5972294159332407, -15.623515224362489), (0.06402058406624223, -16.284765224361973), (0.7327705840657011, -16.953515224361432), (1.409020584065136, -17.629765224360867), (2.0927705840645467, -18.313515224360277), (2.7840205840639336, -19.004765224359662), (3.4827705840632963, -19.703515224359023), (4.189020584062635, -20.409765224358363), (4.902770584061949, -21.12351522435768), (5.62402058406124, -21.84476522435697), (6.352770584060506, -22.573515224356235), (7.089020584059749, -23.309765224355477), (7.8327705840589665, -24.053515224354694), (8.58402058405816, -24.80476522435389), (9.34277058405733, -25.56351522435306), (10.109020584056477, -26.329765224352208), (10.8827705840556, -27.10351522435133), (11.664020584054697, -27.884765224350428), (12.45277058405377, -28.6735152243495), (13.24902058405282, -29.46976522434855), (14.052770584051846, -30.273515224347577), (14.864020584050847, -31.08476522434658), (15.682770584049825, -31.903515224345558), (16.509020584048777, -32.72976522434451), (17.34277058404771, -33.56351522434344)]",True
1784491295.4297152,0,-13.17396278413459,-3.3446793858850143,0.4332682343132293,13.579674069325288,-0.37153368783434576,-19.043340609480673,-5.1790139354988,0.7412487186312439,18.007565495493917,-0.3720617400480316,-5.869377825346083,-1.8343345496137853,0.30798048431801456,4.42789142616863,-0.0005280522136858479,"[(-12.383272220570184, -3.9129396048210823), (-11.872022229906525, -4.401689614157423), (-11.353272245467092, -4.882939629717991), (-10.827022267251888, -5.356689651502786), (-10.293272295260909, -5.8229396795118085), (-9.752022329494158, -6.281689713745059), (-9.203272369951636, -6.732939754202536), (-8.64702241663334, -7.17668980088424), (-8.08327246953927, -7.612939853790172), (-7.512022528669429, -8.041689912920331), (-6.933272594023816, -8.462939978274717), (-6.347022665602429, -8.87669004985333), (-5.75327274340527, -9.282940127656172), (-5.152022827432338, -9.68169021168324), (-4.543272917683634, -10.072940301934535), (-3.9270230141591567, -10.456690398410057), (-3.303273116858906, -10.832940501109807), (-2.672023225782883, -11.201690610033783), (-2.033273340931087, -11.562940725181987), (-1.387023462303518, -11.916690846554419), (-0.7332735899001765, -12.262940974151077), (-0.07202372372106236, -12.601691107971963), (0.5967261362338245, -12.932941248017075), (1.2729759899644844, -13.256691394286415), (1.9567258374709169, -13.572941546779981), (2.647975678753122, -13.881691705497776), (3.3467255138111, -14.182941870439798), (4.052975342644851, -14.476692041606047), (4.766725165254375, -14.762942218996523), (5.48797498163967, -15.041692402611226), (6.216724791800739, -15.312942592450156), (6.95297459573758, -15.576692788513313), (7.696724393450195, -15.832942990800698), (8.447974184938582, -16.08169319931231), (9.206723970202743, -16.322943414048147), (9.972973749242676, -16.556693635008212), (10.746723522058382, -16.782943862192507), (11.52797328864986, -17.001694095601028), (12.316723049017112, -17.212944335233775), (13.112972803160137, -17.416694581090752), (13.916722551078934, -17.612944833171955), (14.727972292773503, -17.801695091477384), (15.546722028243845, -17.98294535600704), (16.37297175748996, -18.156695626760925), (17.20672148051185, -18.322945903739036)]",True
1784491295.4759243,0,-13.167499643905838,-3.3384018686008066,0.4673152448977211,13.579674069325288,-0.37153368783434576,-19.027027770237815,-5.179700794985696,0.8896751768769245,18.007565495493917,-0.3720617400480316,-5.859528126331977,-1.8412989263848898,0.42235993197920346,4.42789142616863,-0.0005280522136858479,"[(-12.515924510456028, -3.7602384991322393), (-12.027118202019567, -4.137578739726511), (-11.545774430620924, -4.507456443309008), (-11.07189319629632, -4.869871609852168), (-10.6054744990814, -5.224824239329006), (-10.146518339011223, -5.572314331713119), (-9.695024716120274, -5.912341886978681), (-9.250993630442457, -6.244906905100449), (-8.814425082011097, -6.570009386053757), (-8.385319070858936, -6.8876493298145185), (-7.963675597018138, -7.197826736359229), (-7.54949466052029, -7.500541605664962), (-7.142776261396396, -7.795793937709371), (-6.74352039967688, -8.08358373247069), (-6.351727075391588, -8.36391098992773), (-5.9673962885697875, -8.636775710059885), (-5.590528039240163, -8.902177892847128), (-5.221122327430823, -9.160117538270011), (-4.859179153169293, -9.410594646309665), (-4.504698516482521, -9.653609216947801), (-4.1576804173968736, -9.889161250166712), (-3.818124855938139, -10.117250745949267), (-3.4860318321315265, -10.337877704278919), (-3.1614013460016634, -10.551042125139695), (-2.844233397572599, -10.756744008516206), (-2.534527986867802, -10.954983354393642), (-2.232285113910162, -11.145760162757771), (-1.9375047787219883, -11.329074433594943), (-1.6501869813250116, -11.504926166892087), (-1.370331721740382, -11.67331536263671), (-1.0979389999886704, -11.834242020816902), (-0.8330088160898674, -11.987706141421329), (-0.5755411700633846, -12.133707724439239), (-0.3255360619280533, -12.272246769860459), (-0.08299349170212553, -12.403323277675396), (0.15208654059672644, -12.526937247875034), (0.37970403495141003, -12.643088680450942), (0.5998589913454125, -12.751777575395266), (0.8125514097628006, -12.85300393270073), (1.0177812901882208, -12.946767752360639), (1.2155486326068996, -13.033069034368879), (1.4058534370046427, -13.111907778719914), (1.5886957033678355, -13.183283985408787), (1.7640754316834435, -13.247197654431124), (1.9319926219390118, -13.303648785783128)]",True
1784491295.613601,0,-13.16407106336314,-3.3351111756054617,0.48313440556967463,13.579674069325288,-0.37153368783434576,-19.01779611462023,-5.180128571578579,0.9586381181351775,18.007565495493917,-0.3720617400480316,-5.853725051257088,-1.8450173959731173,0.4755037125655029,4.42789142616863,-0.0005280522136858479,"[(-12.576785006983073, -3.306812467501754), (-12.075832523699706, -3.257264231302543), (-11.581388391835597, -3.2012189486604568), (-11.093455588862227, -3.138677071487693), (-10.612037051638254, -3.0696390921632446), (-10.137135676391855, -2.9941055435291926), (-9.668754318703327, -2.912076998886746), (-9.206895793487936, -2.823554071992031), (-8.75156287497903, -2.7285374170516272), (-8.302758296711392, -2.6270277287178514), (-7.860484751504858, -2.5190257420837914), (-7.42474489144818, -2.4045322326780862), (-6.995541327883152, -2.2835480164594553), (-6.572876631388984, -2.1560739498109753), (-6.156753331766932, -2.022110929534106), (-5.747173918025183, -1.8816598928424642), (-5.344140838363991, -1.734721817355344), (-4.947656500161072, -1.5812977210909898), (-4.557723269957253, -1.421388662459613), (-4.174343473442371, -1.2549957402561607), (-3.79751939544143, -1.0821200936528304), (-3.427253279901017, -0.9027629021913354), (-3.0635473298759637, -0.716925385774917), (-2.7064037075162712, -0.5246088046601067), (-2.3558245340542863, -0.3258144594482362), (-2.0118118897921304, -0.12054369107669685), (-1.6743678140893905, 0.0912021191900525), (-1.343494305351059, 0.30942154976972835), (-1.0191933210157325, 0.5341131387717171), (-0.701466777544063, 0.7652753840068194), (-0.3903165504074684, 1.0029067429972467), (-0.08574447407709546, 1.2470056329868682), (0.21224765798696052, 1.4975704309517077), (0.5036580933461803, 1.7545994736106931), (0.7884851205938898, 2.0180910574366537), (1.066727069365273, 2.2880434386675716), (1.3383823103471302, 2.56445483331808), (1.6034492552873778, 2.8473234171912143), (1.8619263570042952, 3.136647325890413), (2.1138121093955142, 3.4324246548317685), (2.3591050474467514, 3.734653459256528), (2.597803747240287, 4.043331754243846), (2.829906825963183, 4.358457514723783), (3.0554129419152525, 4.68002867549056), (3.274320794516765, 5.008043131216055)]",True
1784491295.6745994,0,-13.160514624201511,-3.3317307638494373,0.4982013651516768,13.579674069325288,-0.37153368783434576,-19.007892525116386,-5.180599819192792,1.0243218715366007,18.007565495493917,-0.3720617400480316,-5.847377900914875,-1.8488690553433544,0.5261205063849239,4.42789142616863,-0.0005280522136858479,"[(-12.537613893136438, -3.180610709065736), (-11.975286291205357, -3.014193934538824), (-11.419737307183022, -2.8411004151211645), (-10.870987706796553, -2.661337591914813), (-10.329057990159408, -2.4749131634812893), (-9.793968391006816, -2.281835085514993), (-9.265738875941626, -2.082111570506689), (-8.744389143690569, -1.8757510873970913), (-8.229938624370995, -1.6627623612205522), (-7.722406478768077, -1.44315437273887), (-7.221811597622533, -1.2169363580652381), (-6.728172600928883, -0.9841178082783438), (-6.241507837244269, -0.7447084690266367), (-5.7618353830078615, -0.4987183401227817), (-5.289173041870885, -0.24615767512831455), (-4.823538344037276, 0.012963019071484588), (-4.364948545615005, 0.27863298270248027), (-3.913420627978086, 0.550841203546317), (-3.468971297139296, 0.8295764173947814), (-3.031616983133628, 1.1148271085138728), (-2.601373839412498, 1.406581510117564), (-2.178257742248732, 1.704827604851232), (-1.7622842901523548, 2.009553125284738), (-1.3534688032971944, 2.320745554415139), (-0.9518263229583344, 2.6383921261790086), (-0.5573716109604272, 2.9624798259743463), (-0.1701191491368909, 3.292995391192054), (0.20991686119999112, 3.62992531175696), (0.5827224997780485, 3.973255830678363), (0.9482841278732606, 4.322972944610083), (1.306588388806834, 4.679062404419985), (1.657622208431301, 5.041509715768965), (2.0013727956056258, 5.410300139699361), (2.337827642659295, 5.785418693232779), (2.6669745258453808, 6.166850149977295), (2.9888015057825577, 6.554579040744027), (3.303296927886058, 6.948589654173032), (3.610449422787552, 7.34886603736852), (3.9102479067439324, 7.755391996543343), (4.202681582034996, 8.168151097672753), (4.487739937350004, 8.587126667157381), (4.765412748163104, 9.01230179249543), (5.035690077097611, 9.443659322964034), (5.298562274279122, 9.88118187030978), (5.554019977677459, 10.324851809448342)]",True
1784491295.7534173,0,-13.147893255748864,-3.3226677542816607,0.5392382862031646,13.579674069325288,-0.37153368783434576,-18.974467495194745,-5.182356254365051,1.2032205397137814,18.007565495493917,-0.3720617400480316,-5.826574239445881,-1.8596885000833905,0.6639822535106168,4.42789142616863,-0.0005280522136858479,"[(-12.849816977648572, -3.2333227675829317), (-12.565753283085922, -3.142085507540739), (-12.281946782438453, -3.0505924874339208), (-11.99839749738071, -2.958843716707663), (-11.715105449565739, -2.866839204828297), (-11.432070660625095, -2.774578961283299), (-11.149293152168836, -2.6820629955812887), (-10.866772945785524, -2.589291317252027), (-10.584510063042217, -2.4962639358464176), (-10.302504525484478, -2.402980860936504), (-10.020756354636365, -2.3094421021154705), (-9.739265572000432, -2.2156476689976388), (-9.458032199057728, -2.121597571218469), (-9.177056257267793, -2.027291818434558), (-8.896337768068658, -1.9327304203236382), (-8.615876752876845, -1.8379133865845776), (-8.335673233087364, -1.7428407269373776), (-8.05572723007371, -1.6475124511231725), (-7.77603876518786, -1.551928568904229), (-7.49660785976028, -1.4560890900639445), (-7.217434535099913, -1.3599940244068467), (-6.9385188124941815, -1.2636433817585924), (-6.659860713208988, -1.1670371719659662), (-6.381460258488711, -1.0701754048968806), (-6.103317469556204, -0.9730580904403736), (-5.825432367612793, -0.8756852385066087), (-5.547804973838275, -0.7780568590268738), (-5.270435309390919, -0.68017296195358), (-4.993323395407462, -0.5820335572602605), (-4.716469253003106, -0.4836386549415701), (-4.43987290327152, -0.38498826501328376), (-4.1635343672848375, -0.2860823975122959), (-3.8874536660936525, -0.1869210624966193), (-3.61163082072702, -0.08750427004538405), (-3.336065852192454, 0.012167969741163298), (-3.060758781475925, 0.11209564674166081), (-2.785709629541861, 0.21227875081363212), (-2.510918417333142, 0.3127172717934875), (-2.236385165771102, 0.41341119949652483), (-1.962109895755526, 0.5143605237169304), (-1.688092628164648, 0.6155652342277802), (-1.41433338385515, 0.7170253207810409), (-1.1408321836621598, 0.8187407731075704), (-0.8675890483992506, 0.9207115809171197), (-0.5946039988584384, 1.022937733898333)]",True
1784491295.7887812,0,-13.138350101748221,-3.3171382606352107,0.5634471434051719,13.579674069325288,-0.37153368783434576,-18.949377056714557,-5.183811314012089,1.30875799721691,18.007565495493917,-0.3720617400480316,-5.811026954966335,-1.866673053376878,0.7453108538117382,4.42789142616863,-0.0005280522136858479,"[(-12.896350184895612, -3.242379072574335), (-12.658017054563002, -3.1628554956962507), (-12.419828434024918, -3.083188229805931), (-12.181784330201879, -3.003377278180375), (-11.94388475000973, -2.9234226441011764), (-11.706129700359643, -2.843324330854524), (-11.46851918815812, -2.7630823417312023), (-11.231053220306988, -2.6826966800265897), (-10.993731803703398, -2.6021673490406596), (-10.756554945239829, -2.5214943520779802), (-10.519522651804085, -2.440677692447714), (-10.282634930279297, -2.3597173734636168), (-10.045891787543919, -2.2786133984440404), (-9.809293230471733, -2.1973657707119294), (-9.572839265931842, -2.1159744935948224), (-9.33652990078868, -2.034439570424852), (-9.100365141902, -1.9527610045387447), (-8.864344996126883, -1.87093879927782), (-8.628469470313735, -1.788972957987991), (-8.392738571308282, -1.7068634840197638), (-8.157152305951575, -1.6246103807282384), (-7.92171068107999, -1.5422136514731069), (-7.686413703525226, -1.4596732996186548), (-7.451261380114306, -1.37698932853376), (-7.216253717669576, -1.2941617415918931), (-6.981390723008705, -1.2111905421711175), (-6.746672402944682, -1.1280757336540885), (-6.512098764285822, -1.0448173194280537), (-6.277669813835761, -0.9614153028848528), (-6.043385558393457, -0.8778696874209175), (-5.809246004753189, -0.7941804764372713), (-5.5752511597045595, -0.7103476733395293), (-5.341401030032492, -0.6263712815378982), (-5.10769562251723, -0.5422513044471762), (-4.87413494393434, -0.4579877454867526), (-4.640719001054709, -0.3735806080806079), (-4.407447800644544, -0.28902989565731374), (-4.174321349465373, -0.20433561165003244), (-3.9413396542740444, -0.11949775949651723), (-3.7085027218227262, -0.03451634263911185), (-3.4758105588589077, 0.05060863547524942), (-3.2432631721253964, 0.135877171395042), (-3.0108605683603207, 0.22128926166415103), (-2.7786027542971277, 0.30684490282187166), (-2.546489736664584, 0.392544091402909)]",True
1784491295.8370225,0,-13.123082157765841,-3.3088011413750382,0.5956123021747741,13.579674069325288,-0.37153368783434576,-18.90804908722064,-5.186440733028034,1.448980604521431,18.007565495493917,-0.3720617400480316,-5.784966929454798,-1.8776395916529958,0.853368302346657,4.42789142616863,-0.0005280522136858479,"[(-12.98362759589902, -3.2588118018702414), (-12.833097535357032, -3.1998362544509726), (-12.682673247044438, -3.1407553799282297), (-12.53235473345247, -3.0815691798906206), (-12.382141997070288, -3.022277655928799), (-12.232035040384986, -2.962880809635464), (-12.082033865881582, -2.903378642605359), (-11.932138476043026, -2.843771156435275), (-11.782348873350191, -2.7840583527240454), (-11.632665060281886, -2.724240233072551), (-11.483087039314846, -2.664316799083717), (-11.333614812923733, -2.6042880523625134), (-11.18424838358114, -2.544153994515956), (-11.034987753757587, -2.483914627153105), (-10.885832925921521, -2.423569951885066), (-10.736783902539324, -2.3631199703249894), (-10.587840686075298, -2.302564684088071), (-10.439003278991676, -2.2419040947915505), (-10.290271683748621, -2.1811382040547134), (-10.141645902804225, -2.1202670134988892), (-9.993125938614506, -2.0592905247474533), (-9.844711793633412, -1.9982087394258246), (-9.696403470312816, -1.9370216591614673), (-9.548200971102524, -1.87572928558389), (-9.400104298450268, -1.8143316203246467), (-9.252113454801705, -1.7528286650173348), (-9.104228442600423, -1.691220421297597), (-8.956449264287938, -1.6295068908031203), (-8.808775922303695, -1.567688075173636), (-8.661208419085064, -1.50576397605092), (-8.513746757067345, -1.4437345950787925), (-8.366390938683764, -1.381599933903118), (-8.21914096636548, -1.3193599941718053), (-8.07199684254157, -1.2570147775348075), (-7.924958569639045, -1.194564285644122), (-7.778026150082848, -1.1320085201537904), (-7.631199586295841, -1.0693474827198979), (-7.484478880698817, -1.0065811750005742), (-7.337864035710498, -0.9437095986559931), (-7.191355053747532, -0.8807327553483724), (-7.0449519372244955, -0.8176506467419735), (-6.898654688553892, -0.7544632745031021), (-6.752463310146151, -0.6911706403001077), (-6.6063778044096315, -0.6277727458033834), (-6.460398173750618, -0.5642695926853665)]",True
1784491295.878,0,-13.106827217868336,-3.300408150070602,0.6234038194613317,13.579674069325288,-0.37153368783434576,-18.862813921226763,-5.189310128617177,1.5701365124646756,18.007565495493917,-0.3720617400480316,-5.7559867033584275,-1.888901978546575,0.9467326930033438,4.42789142616863,-0.0005280522136858479,"[(-13.020093585518081, -3.2640438779648875), (-12.916226564655819, -3.217491038742286), (-12.812457450746464, -3.170840575438057), (-12.708786245090595, -3.1240924891586372), (-12.60521294898722, -3.0772467810120245), (-12.501737563733771, -3.0303034521077743), (-12.398360090626111, -2.9832625035570004), (-12.295080530958533, -2.9361239364723764), (-12.19189888602375, -2.8888877519681335), (-12.08881515711291, -2.8415539511600625), (-11.985829345515585, -2.7941225351655117), (-11.882941452519777, -2.746593505103389), (-11.780151479411913, -2.698966862094161), (-11.67745942747685, -2.651242607259851), (-11.574865297997869, -2.603420741724044), (-11.472369092256686, -2.55550126661188), (-11.369970811533438, -2.5074841830500603), (-11.267670457106693, -2.459369492166843), (-11.165468030253441, -2.4111571950920454), (-11.063363532249108, -2.362847292957043), (-10.96135696436754, -2.3144397868947695), (-10.859448327881019, -2.265934678039717), (-10.757637624060244, -2.217331967527936), (-10.655924854174351, -2.1686316564970363), (-10.554310019490897, -2.1198337460861842), (-10.45279312127587, -2.0709382374361054), (-10.351374160793682, -2.0219451316890837), (-10.250053139307179, -1.972854429988961), (-10.148830058077628, -1.9236661334811371), (-10.047704918364726, -1.8743802433125705), (-9.946677721426598, -1.8249967606317776), (-9.845748468519794, -1.7755156865888329), (-9.744917160899295, -1.725937022335369), (-9.644183799818505, -1.6762607690245765), (-9.54354838652926, -1.6264869278112046), (-9.44301092228182, -1.5766154998515598), (-9.342571408324874, -1.526646486303507), (-9.242229845905538, -1.4765798883264687), (-9.141986236269354, -1.4264157070814258), (-9.041840580660292, -1.376153943730917), (-8.941792880320751, -1.3257945994390388), (-8.841843136491555, -1.2753376753714456), (-8.741991350411958, -1.2247831726953498), (-8.642237523319636, -1.1741310925795214), (-8.542581656450698, -1.1233814361942884)]",True
1784491295.939849,0,-13.083784471180003,-3.2893023108640067,0.6546717497872853,13.579674069325288,-0.37153368783434576,-18.79734465028953,-5.193674082673107,1.7064476914868933,18.007565495493917,-0.3720617400480316,-5.713560179109528,-1.9043717718091004,1.0517759416996082,4.42789142616863,-0.0005280522136858479,"[(-13.036361358241258, -3.264939364217864), (-12.961668471116646, -3.226880784730865), (-12.887068801874902, -3.188729182424958), (-12.812562351247697, -3.150484558151647), (-12.738149119965396, -3.11214691276374), (-12.663829108757044, -3.0737162471153474), (-12.589602318350376, -3.035192562061886), (-12.515468749471822, -2.996575858460074), (-12.44142840284649, -2.957866137167935), (-12.367481279198186, -2.9190633990447954), (-12.293627379249395, -2.8801676449512854), (-12.219866703721296, -2.841178875749339), (-12.146199253333751, -2.802097092302194), (-12.072625028805316, -2.762922295474392), (-11.999144030853232, -2.723654486131778), (-11.925756260193427, -2.6842936651415004), (-11.852461717540518, -2.6448398333720116), (-11.77926040360781, -2.605292991693067), (-11.706152319107293, -2.565653140975727), (-11.633137464749652, -2.5259202820923536), (-11.560215841244252, -2.486094415916614), (-11.487387449299154, -2.446175543323478), (-11.414652289621102, -2.406163665189219), (-11.342010362915527, -2.366058782391414), (-11.26946166988655, -2.325860895808944), (-11.197006211236978, -2.2855700063219926), (-11.12464398766831, -2.2451861148120473), (-11.052374999880731, -2.2047092221618994), (-10.980199248573111, -2.1641393292556423), (-10.908116734443013, -2.1234764369786743), (-10.83612745818668, -2.0827205462176965), (-10.764231420499055, -2.041871657860713), (-10.692428622073757, -2.000929772797032), (-10.6207190636031, -1.9598948919172638), (-10.549102745778084, -1.9187670161133235), (-10.477579669288396, -1.8775461462784284), (-10.406149834822411, -1.8362322833070996), (-10.334813243067194, -1.7948254280951612), (-10.263569894708494, -1.7533255815397406), (-10.192419790430753, -1.7117327445392687), (-10.121362930917098, -1.6700469179934792), (-10.050399316849342, -1.6282681028034092), (-9.979528948907987, -1.5863962998713987), (-9.908751827772226, -1.5444315101010915), (-9.838067954119937, -1.502373734397434)]",True
1784491295.9829092,0,-13.040210758401546,-3.2707179029469824,0.6966655022235699,13.579674069325288,-0.37153368783434576,-18.652566754366937,-5.2049400597381075,1.9109380572496864,18.007565495493917,-0.3720617400480316,-5.612355995965391,-1.934222156791125,1.2142725550261164,4.42789142616863,-0.0005280522136858479,"[(-13.048263490307237, -3.2660591913088752), (-12.994525962001786, -3.2341619460838817), (-12.940881444334943, -3.2021718322738186), (-12.887329937725553, -3.1700888506110494), (-12.83387144259121, -3.1379130018291845), (-12.780505959348254, -3.1056442866630816), (-12.727233488411773, -3.073282705848844), (-12.674054030195606, -3.040828260123822), (-12.620967585112334, -3.0082809502266117), (-12.567974153573292, -2.9756407768970567), (-12.515073735988558, -2.942907740876247), (-12.46226633276696, -2.9100818429065183), (-12.409551944316071, -2.8771630837314532), (-12.356930571042216, -2.844151464095881), (-12.304402213350468, -2.8110469847458766), (-12.25196687164464, -2.7778496464287623), (-12.199624546327302, -2.744559449893106), (-12.147375237799766, -2.7111763958887227), (-12.095218946462094, -2.6777004851666732), (-12.043155672713093, -2.644131718479265), (-11.991185416950325, -2.610470096580052), (-11.93930817957009, -2.5767156202238333), (-11.887523960967444, -2.542868290166656), (-11.835832761536187, -2.5089281071658127), (-11.784234581668866, -2.474895071979842), (-11.732729421756776, -2.44076918536853), (-11.681317282189962, -2.406550448092907), (-11.629998163357214, -2.372238860915251), (-11.578772065646072, -2.337834424599086), (-11.527638989442822, -2.3033371399091824), (-11.476598935132499, -2.268747007611556), (-11.425651903098885, -2.23406402847347), (-11.37479789372451, -2.1992882032634324), (-11.324036907390651, -2.1644195327511984), (-11.273368944477335, -2.129458017707769), (-11.222794005363333, -2.0944036589053914), (-11.172312090426168, -2.0592564571175584), (-11.121923200042104, -2.0240164131190097), (-11.071627334586163, -1.9886835276857304), (-11.021424494432106, -1.9532578015949522), (-10.971314679952442, -1.9177392356251524), (-10.921297891518435, -1.8821278305560547), (-10.87137412950009, -1.8464235871686288), (-10.821543394266163, -1.81062650624509), (-10.771805686184154, -1.7747365885689)]",True
1784491296.0353854,0,-13.013731417728566,-3.2608962879037855,0.7149617984487722,13.579674069325288,-0.37153368783434576,-18.594524030075352,-5.209505237871127,1.9692795300730472,18.007565495493917,-0.3720617400480316,-5.5807926123467855,-1.9486089499673418,1.254317731624275,4.42789142616863,-0.0005280522136858479,"[(-13.047859576326731, -3.2640408564281755), (-13.00407479438795, -3.2354091295023117), (-12.960378700322169, -3.206688828955225), (-12.916771294388209, -3.17787995541189), (-12.873252576843807, -3.1489825094983597), (-12.82982254794562, -3.1199964918417677), (-12.786481207949215, -3.090921903070327), (-12.743228557109083, -3.0617587438133294), (-12.700064595678624, -3.0325070147011464), (-12.656989323910159, -3.0031667163652287), (-12.614002742054923, -2.973737849438107), (-12.57110485036307, -2.9442204145533903), (-12.52829564908367, -2.9146144123457685), (-12.485575138464707, -2.88491984345101), (-12.442943318753084, -2.8551367085059622), (-12.400400190194617, -2.8252650081485524), (-12.357945753034041, -2.7953047430177875), (-12.315580007515008, -2.765255913753753), (-12.273302953880084, -2.735118520997614), (-12.231114592370753, -2.7048925653916154), (-12.189014923227415, -2.6745780475790806), (-12.147003946689386, -2.644174968204413), (-12.1050816629949, -2.613683327913095), (-12.063248072381107, -2.583103127351688), (-12.02150317508407, -2.5524343671678325), (-11.979846971338773, -2.521677048010249), (-11.938279461379114, -2.490831170528737), (-11.896800645437908, -2.4598967353741745), (-11.855410523746885, -2.42887374319852), (-11.814109096536693, -2.3977621946548098), (-11.772896364036898, -2.3665620903971605), (-11.731772326475976, -2.335273431080767), (-11.690736984081328, -2.303896217361904), (-11.649790337079265, -2.272430449897925), (-11.608932385695017, -2.240876129347263), (-11.56816313015273, -2.20923325636943), (-11.527482570675467, -2.1775018316250163), (-11.486890707485205, -2.1456818557756927), (-11.44638754080284, -2.113773329484208), (-11.405973070848184, -2.0817762534143904), (-11.365647297839963, -2.0496906282311476), (-11.325410221995824, -2.017516454600466), (-11.285261843532327, -1.9852537331894107), (-11.245202162664947, -1.9529024646661266), (-11.20523117960808, -1.920462649699837)]",True
1784491296.0756114,0,-12.979280897543838,-3.249706071075417,0.7333461897595784,13.579674069325288,-0.37153368783434576,-18.494212085602257,-5.216342522229955,2.049425482461259,18.007565495493917,-0.3720617400480316,-5.514931188058419,-1.9666364511545384,1.316079292701681,4.42789142616863,-0.0005280522136858479,"[(-13.047859576326731, -3.2640408564281755), (-13.00407479438795, -3.2354091295023117), (-12.960378700322169, -3.206688828955225), (-12.916771294388209, -3.17787995541189), (-12.873252576843807, -3.1489825094983597), (-12.82982254794562, -3.1199964918417677), (-12.786481207949215, -3.090921903070327), (-12.743228557109083, -3.0617587438133294), (-12.700064595678624, -3.0325070147011464), (-12.656989323910159, -3.0031667163652287), (-12.614002742054923, -2.973737849438107), (-12.57110485036307, -2.9442204145533903), (-12.52829564908367, -2.9146144123457685), (-12.485575138464707, -2.88491984345101), (-12.442943318753084, -2.8551367085059622), (-12.400400190194617, -2.8252650081485524), (-12.357945753034041, -2.7953047430177875), (-12.315580007515008, -2.765255913753753), (-12.273302953880084, -2.735118520997614), (-12.231114592370753, -2.7048925653916154), (-12.189014923227415, -2.6745780475790806), (-12.147003946689386, -2.644174968204413), (-12.1050816629949, -2.613683327913095), (-12.063248072381107, -2.583103127351688), (-12.02150317508407, -2.5524343671678325), (-11.979846971338773, -2.521677048010249), (-11.938279461379114, -2.490831170528737), (-11.896800645437908, -2.4598967353741745), (-11.855410523746885, -2.42887374319852), (-11.814109096536693, -2.3977621946548098), (-11.772896364036898, -2.3665620903971605), (-11.731772326475976, -2.335273431080767), (-11.690736984081328, -2.303896217361904), (-11.649790337079265, -2.272430449897925), (-11.608932385695017, -2.240876129347263), (-11.56816313015273, -2.20923325636943), (-11.527482570675467, -2.1775018316250163), (-11.486890707485205, -2.1456818557756927), (-11.44638754080284, -2.113773329484208), (-11.405973070848184, -2.0817762534143904), (-11.365647297839963, -2.0496906282311476), (-11.325410221995824, -2.017516454600466), (-11.285261843532327, -1.9852537331894107), (-11.245202162664947, -1.9529024646661266), (-11.20523117960808, -1.920462649699837)]",True
1784491296.1260326,0,-12.979280897543838,-3.249706071075417,0.7333461897595784,13.579674069325288,-0.37153368783434576,-18.494212085602257,-5.216342522229955,2.049425482461259,18.007565495493917,-0.3720617400480316,-5.514931188058419,-1.9666364511545384,1.316079292701681,4.42789142616863,-0.0005280522136858479,"[(-13.047859576326731, -3.2640408564281755), (-13.00407479438795, -3.2354091295023117), (-12.960378700322169, -3.206688828955225), (-12.916771294388209, -3.17787995541189), (-12.873252576843807, -3.1489825094983597), (-12.82982254794562, -3.1199964918417677), (-12.786481207949215, -3.090921903070327), (-12.743228557109083, -3.0617587438133294), (-12.700064595678624, -3.0325070147011464), (-12.656989323910159, -3.0031667163652287), (-12.614002742054923, -2.973737849438107), (-12.57110485036307, -2.9442204145533903), (-12.52829564908367, -2.9146144123457685), (-12.485575138464707, -2.88491984345101), (-12.442943318753084, -2.8551367085059622), (-12.400400190194617, -2.8252650081485524), (-12.357945753034041, -2.7953047430177875), (-12.315580007515008, -2.765255913753753), (-12.273302953880084, -2.735118520997614), (-12.231114592370753, -2.7048925653916154), (-12.189014923227415, -2.6745780475790806), (-12.147003946689386, -2.644174968204413), (-12.1050816629949, -2.613683327913095), (-12.063248072381107, -2.583103127351688), (-12.02150317508407, -2.5524343671678325), (-11.979846971338773, -2.521677048010249), (-11.938279461379114, -2.490831170528737), (-11.896800645437908, -2.4598967353741745), (-11.855410523746885, -2.42887374319852), (-11.814109096536693, -2.3977621946548098), (-11.772896364036898, -2.3665620903971605), (-11.731772326475976, -2.335273431080767), (-11.690736984081328, -2.303896217361904), (-11.649790337079265, -2.272430449897925), (-11.608932385695017, -2.240876129347263), (-11.56816313015273, -2.20923325636943), (-11.527482570675467, -2.1775018316250163), (-11.486890707485205, -2.1456818557756927), (-11.44638754080284, -2.113773329484208), (-11.405973070848184, -2.0817762534143904), (-11.365647297839963, -2.0496906282311476), (-11.325410221995824, -2.017516454600466), (-11.285261843532327, -1.9852537331894107), (-11.245202162664947, -1.9529024646661266), (-11.20523117960808, -1.920462649699837)]",True
1784491296.1755757,0,-12.979280897543838,-3.249706071075417,0.7333461897595784,13.579674069325288,-0.37153368783434576,-18.494212085602257,-5.216342522229955,2.049425482461259,18.007565495493917,-0.3720617400480316,-5.514931188058419,-1.9666364511545384,1.316079292701681,4.42789142616863,-0.0005280522136858479,"[(-13.047859576326731, -3.2640408564281755), (-13.00407479438795, -3.2354091295023117), (-12.960378700322169, -3.206688828955225), (-12.916771294388209, -3.17787995541189), (-12.873252576843807, -3.1489825094983597), (-12.82982254794562, -3.1199964918417677), (-12.786481207949215, -3.090921903070327), (-12.743228557109083, -3.0617587438133294), (-12.700064595678624, -3.0325070147011464), (-12.656989323910159, -3.0031667163652287), (-12.614002742054923, -2.973737849438107), (-12.57110485036307, -2.9442204145533903), (-12.52829564908367, -2.9146144123457685), (-12.485575138464707, -2.88491984345101), (-12.442943318753084, -2.8551367085059622), (-12.400400190194617, -2.8252650081485524), (-12.357945753034041, -2.7953047430177875), (-12.315580007515008, -2.765255913753753), (-12.273302953880084, -2.735118520997614), (-12.231114592370753, -2.7048925653916154), (-12.189014923227415, -2.6745780475790806), (-12.147003946689386, -2.644174968204413), (-12.1050816629949, -2.613683327913095), (-12.063248072381107, -2.583103127351688), (-12.02150317508407, -2.5524343671678325), (-11.979846971338773, -2.521677048010249), (-11.938279461379114, -2.490831170528737), (-11.896800645437908, -2.4598967353741745), (-11.855410523746885, -2.42887374319852), (-11.814109096536693, -2.3977621946548098), (-11.772896364036898, -2.3665620903971605), (-11.731772326475976, -2.335273431080767), (-11.690736984081328, -2.303896217361904), (-11.649790337079265, -2.272430449897925), (-11.608932385695017, -2.240876129347263), (-11.56816313015273, -2.20923325636943), (-11.527482570675467, -2.1775018316250163), (-11.486890707485205, -2.1456818557756927), (-11.44638754080284, -2.113773329484208), (-11.405973070848184, -2.0817762534143904), (-11.365647297839963, -2.0496906282311476), (-11.325410221995824, -2.017516454600466), (-11.285261843532327, -1.9852537331894107), (-11.245202162664947, -1.9529024646661266), (-11.20523117960808, -1.920462649699837)]",True
1784491296.2255902,0,-12.979280897543838,-3.249706071075417,0.7333461897595784,13.579674069325288,-0.37153368783434576,-18.494212085602257,-5.216342522229955,2.049425482461259,18.007565495493917,-0.3720617400480316,-5.514931188058419,-1.9666364511545384,1.316079292701681,4.42789142616863,-0.0005280522136858479,"[(-13.047859576326731, -3.2640408564281755), (-13.00407479438795, -3.2354091295023117), (-12.960378700322169, -3.206688828955225), (-12.916771294388209, -3.17787995541189), (-12.873252576843807, -3.1489825094983597), (-12.82982254794562, -3.1199964918417677), (-12.786481207949215, -3.090921903070327), (-12.743228557109083, -3.0617587438133294), (-12.700064595678624, -3.0325070147011464), (-12.656989323910159, -3.0031667163652287), (-12.614002742054923, -2.973737849438107), (-12.57110485036307, -2.9442204145533903), (-12.52829564908367, -2.9146144123457685), (-12.485575138464707, -2.88491984345101), (-12.442943318753084, -2.8551367085059622), (-12.400400190194617, -2.8252650081485524), (-12.357945753034041, -2.7953047430177875), (-12.315580007515008, -2.765255913753753), (-12.273302953880084, -2.735118520997614), (-12.231114592370753, -2.7048925653916154), (-12.189014923227415, -2.6745780475790806), (-12.147003946689386, -2.644174968204413), (-12.1050816629949, -2.613683327913095), (-12.063248072381107, -2.583103127351688), (-12.02150317508407, -2.5524343671678325), (-11.979846971338773, -2.521677048010249), (-11.938279461379114, -2.490831170528737), (-11.896800645437908, -2.4598967353741745), (-11.855410523746885, -2.42887374319852), (-11.814109096536693, -2.3977621946548098), (-11.772896364036898, -2.3665620903971605), (-11.731772326475976, -2.335273431080767), (-11.690736984081328, -2.303896217361904), (-11.649790337079265, -2.272430449897925), (-11.608932385695017, -2.240876129347263), (-11.56816313015273, -2.20923325636943), (-11.527482570675467, -2.1775018316250163), (-11.486890707485205, -2.1456818557756927), (-11.44638754080284, -2.113773329484208), (-11.405973070848184, -2.0817762534143904), (-11.365647297839963, -2.0496906282311476), (-11.325410221995824, -2.017516454600466), (-11.285261843532327, -1.9852537331894107), (-11.245202162664947, -1.9529024646661266), (-11.20523117960808, -1.920462649699837)]",True
1784491296.278069,0,-12.979280897543838,-3.249706071075417,0.7333461897595784,13.579674069325288,-0.37153368783434576,-18.494212085602257,-5.216342522229955,2.049425482461259,18.007565495493917,-0.3720617400480316,-5.514931188058419,-1.9666364511545384,1.316079292701681,4.42789142616863,-0.0005280522136858479,"[(-13.047859576326731, -3.2640408564281755), (-13.00407479438795, -3.2354091295023117), (-12.960378700322169, -3.206688828955225), (-12.916771294388209, -3.17787995541189), (-12.873252576843807, -3.1489825094983597), (-12.82982254794562, -3.1199964918417677), (-12.786481207949215, -3.090921903070327), (-12.743228557109083, -3.0617587438133294), (-12.700064595678624, -3.0325070147011464), (-12.656989323910159, -3.0031667163652287), (-12.614002742054923, -2.973737849438107), (-12.57110485036307, -2.9442204145533903), (-12.52829564908367, -2.9146144123457685), (-12.485575138464707, -2.88491984345101), (-12.442943318753084, -2.8551367085059622), (-12.400400190194617, -2.8252650081485524), (-12.357945753034041, -2.7953047430177875), (-12.315580007515008, -2.765255913753753), (-12.273302953880084, -2.735118520997614), (-12.231114592370753, -2.7048925653916154), (-12.189014923227415, -2.6745780475790806), (-12.147003946689386, -2.644174968204413), (-12.1050816629949, -2.613683327913095), (-12.063248072381107, -2.583103127351688), (-12.02150317508407, -2.5524343671678325), (-11.979846971338773, -2.521677048010249), (-11.938279461379114, -2.490831170528737), (-11.896800645437908, -2.4598967353741745), (-11.855410523746885, -2.42887374319852), (-11.814109096536693, -2.3977621946548098), (-11.772896364036898, -2.3665620903971605), (-11.731772326475976, -2.335273431080767), (-11.690736984081328, -2.303896217361904), (-11.649790337079265, -2.272430449897925), (-11.608932385695017, -2.240876129347263), (-11.56816313015273, -2.20923325636943), (-11.527482570675467, -2.1775018316250163), (-11.486890707485205, -2.1456818557756927), (-11.44638754080284, -2.113773329484208), (-11.405973070848184, -2.0817762534143904), (-11.365647297839963, -2.0496906282311476), (-11.325410221995824, -2.017516454600466), (-11.285261843532327, -1.9852537331894107), (-11.245202162664947, -1.9529024646661266), (-11.20523117960808, -1.920462649699837)]",True
1784491296.3302217,0,-12.891821144894957,-3.22893617600156,0.7628523664502957,13.579674069325288,-0.37153368783434576,-18.253030410696947,-5.224318569240294,1.6578892660386124,18.007565495493917,-0.3720617400480316,-5.361209265801991,-1.9953823932387342,0.8950368995883167,4.42789142616863,-0.0005280522136858479,"[(-13.040645657632751, -3.258501945080082), (-13.011988884258097, -3.234866303555109), (-12.983418619626747, -3.2111442317484835), (-12.954934863807628, -3.1873357301838183), (-12.926537616868682, -3.1634407993857043), (-12.898226878876878, -3.13945943987971), (-12.870002649898195, -3.1153916521923826), (-12.841864929997637, -3.091237436851247), (-12.813813719239224, -3.0669967943848073), (-12.785849017686, -3.0426697253225443), (-12.75797082540002, -3.0182562301949183), (-12.730179142442367, -2.9937563095333664), (-12.702473968873138, -2.969169963870305), (-12.674855304751448, -2.944497193739128), (-12.647323150135437, -2.9197379996742074), (-12.61987750508226, -2.8948923822108936), (-12.59251836964809, -2.8699603418855153), (-12.565245743888122, -2.8449418792353782), (-12.538059627856569, -2.8198369947987674), (-12.510960021606664, -2.794645689114945), (-12.48394692519066, -2.7693679627241523), (-12.457020338659827, -2.7440038161676075), (-12.430180262064455, -2.718553249987507), (-12.403426695453854, -2.693016264727026), (-12.376759638876349, -2.6673928609303172), (-12.35017909237929, -2.6416830391425115), (-12.323685056009046, -2.6158867999097173), (-12.297277529810998, -2.5900041437790216), (-12.270956513829557, -2.564035071298489), (-12.244722008108143, -2.537979583017162), (-12.218574012689203, -2.5118376794850614), (-12.192512527614198, -2.485609361253186), (-12.166537552923613, -2.4592946288735127), (-12.140649088656945, -2.432893482898995), (-12.114847134852717, -2.406405923883566), (-12.089131691548468, -2.379831952382136), (-12.06350275878076, -2.3531715689505934), (-12.037960336585169, -2.326424774145804), (-12.012504424996292, -2.2995915685256123), (-11.987135024047749, -2.2726719526488397), (-11.961852133772172, -2.245665927075286), (-11.93665575420122, -2.2185734923657296), (-11.911545885365566, -2.1913946490819254), (-11.886522527294902, -2.164129397786607), (-11.861585680017944, -2.136777739043486)]",True
1784491296.381185,0,-12.86154333535872,-3.2241893421366394,0.7694296882723092,13.579674069325288,-0.37153368783434576,-18.193452655593088,-5.224103929221027,1.3551421071820717,18.007565495493917,-0.3720617400480316,-5.331909320234368,-1.9999145870843873,0.5857124189097626,4.42789142616863,-0.0005280522136858479,"[(-13.02710169394202, -3.251925346435426), (-13.008975143778008, -3.2319654789832444), (-12.99093368228032, -3.2119205780676925), (-12.972977309401072, -3.1917906441469346), (-12.955106025091464, -3.1715756776800497), (-12.937319829301776, -3.151275679127032), (-12.919618721981376, -3.1308906489487907), (-12.902002703078708, -3.1104205876071505), (-12.884471772541307, -3.08986549556485), (-12.867025930315787, -3.069225373285544), (-12.849665176347845, -3.048500221233802), (-12.832389510582264, -3.0276900398751083), (-12.815198932962906, -3.006794829675862), (-12.79809344343272, -2.9858145911033773), (-12.781073041933736, -2.9647493246258834), (-12.764137728407068, -2.943599030712525), (-12.747287502792915, -2.922363709833361), (-12.730522365030556, -2.9010433624593652), (-12.713842315058352, -2.8796379890624273), (-12.697247352813754, -2.8581475901153515), (-12.68073747823329, -2.836572166091856), (-12.664312691252574, -2.8149117174665754), (-12.647972991806302, -2.7931662447150583), (-12.631718379828254, -2.7713357483137684), (-12.615548855251294, -2.7494202287400844), (-12.599464418007368, -2.7274196864722993), (-12.583465068027504, -2.705334121989622), (-12.567550805241815, -2.683163535772176), (-12.551721629579498, -2.6609079283009986), (-12.535977540968833, -2.6385673000580434), (-12.520318539337183, -2.616141651526178), (-12.504744624610993, -2.5936309831891853), (-12.489255796715792, -2.571035295531763), (-12.473852055576193, -2.5483545890395227), (-12.45853340111589, -2.5255888641989923), (-12.443299833257663, -2.502738121497613), (-12.428151351923374, -2.4798023614237428), (-12.41308795703397, -2.4567815844666523), (-12.398109648509477, -2.4336757911165283), (-12.383216426269009, -2.410484981864472), (-12.368408290230763, -2.3872091572024985), (-12.353685240312014, -2.3638483176235394), (-12.339047276429127, -2.34040246362144), (-12.324494398497547, -2.3168715956909605), (-12.310026606431801, -2.293255714327776)]",False
1784491296.6278505,0,-12.815400221223035,-3.2192920809583327,0.7771780406953118,13.579674069325288,-0.37153368783434576,-18.118326236134354,-5.220230240546855,1.1863127536950633,18.007565495493917,-0.3720617400480316,-5.3029260149113195,-2.0009381595885225,0.40913471299975146,4.42789142616863,-0.0005280522136858479,"[(-12.868921964281586, -3.208542294785087), (-12.854432383378796, -3.1907289713481903), (-12.840027905618777, -3.1728305909251526), (-12.825708530915682, -3.154847153944973), (-12.811474259182761, -3.136778660837553), (-12.797325090332361, -3.1186251120336976), (-12.783261024275923, -3.100386507965114), (-12.769282060923983, -3.0820628490644117), (-12.755388200186177, -3.0636541357651037), (-12.741579441971233, -3.045160368501605), (-12.727855786186977, -3.0265815477092333), (-12.71421723274033, -3.007917673824209), (-12.700663781537308, -2.9891687472836552), (-12.687195432483025, -2.970334768525598), (-12.673812185481687, -2.951415737988966), (-12.660514040436603, -2.9324116561135893), (-12.647300997250172, -2.9133225233402023), (-12.634173055823888, -2.894148340110441), (-12.621130216058345, -2.8748891068668443), (-12.608172477853234, -2.855544824052853), (-12.595299841107336, -2.8361154921128118), (-12.582512305718529, -2.8166011114919667), (-12.569809871583793, -2.797001682636467), (-12.557192538599198, -2.7773172059933646), (-12.544660306659912, -2.757547682010613), (-12.5322131756602, -2.7376931111370695), (-12.519851145493421, -2.717753493822493), (-12.50757421605203, -2.697728830517546), (-12.495382387227577, -2.677619121673792), (-12.483275658910712, -2.657424367743698), (-12.471254030991178, -2.6371445691806334), (-12.459317503357811, -2.61677972643887), (-12.44746607589855, -2.5963298399735826), (-12.435699748500426, -2.5757949102408473), (-12.424018521049565, -2.5551749376976436), (-12.41242239343119, -2.5344699228018537), (-12.40091136552962, -2.5136798660122612), (-12.389485437228272, -2.492804767788553), (-12.378144608409658, -2.4718446285913185), (-12.36688887895538, -2.450799448882049), (-12.355718248746145, -2.429669229123138), (-12.344632717661751, -2.4084539697778826), (-12.333632285581094, -2.3871536713104815), (-12.322716952382164, -2.3657683341860354), (-12.311886717942047, -2.3442979588705484)]",True
1784491296.6868377,0,-12.792081108532578,-3.2178770446211624,0.7802812468940495,13.579674069325288,-0.37153368783434576,-18.083348033600508,-5.217586217697315,1.1552152201390478,18.007565495493917,-0.3720617400480316,-5.29126692506793,-1.9997091730761527,0.3749339732449982,4.42789142616863,-0.0005280522136858479,"[(-12.832389803649333, -3.2062404021061317), (-12.826415499174228, -3.192101839900932), (-12.820524770004322, -3.1778797304476685), (-12.814717615970523, -3.1635740741203815), (-12.808994036902877, -3.1491848712939623), (-12.803354032630587, -3.134712122344153), (-12.797797602982001, -3.1201558276475456), (-12.792324747784617, -3.1055159875815836), (-12.786935466865081, -3.0907926025245605), (-12.781629760049189, -3.0759856728556207), (-12.776407627161879, -3.061095198954759), (-12.771269068027246, -3.04612118120282), (-12.766214082468531, -3.031063619981501), (-12.761242670308121, -3.0159225156733473), (-12.756354831367553, -3.0006978686617565), (-12.751550565467511, -2.985389679330976), (-12.746829872427833, -2.969997948066104), (-12.7421927520675, -2.9545226752530893), (-12.737639204204644, -2.938963861278731), (-12.733169228656546, -2.923321506530679), (-12.728782825239634, -2.907595611397433), (-12.724479993769485, -2.8917861762683437), (-12.720260734060824, -2.875893201533613), (-12.716125045927528, -2.859916687584292), (-12.712072929182622, -2.843856634812283), (-12.708104383638272, -2.8277130436103386), (-12.704219409105804, -2.8114859143720623), (-12.700418005395685, -2.7951752474919074), (-12.69670017231753, -2.778781043365178), (-12.69306590968011, -2.7623033023880286), (-12.689515217291337, -2.7457420249574644), (-12.686048094958275, -2.7290972114713408), (-12.68266454248714, -2.712368862328363), (-12.67936455968329, -2.695556977928088), (-12.676148146351233, -2.6786615586709224), (-12.67301530229463, -2.661682604958123), (-12.669966027316287, -2.644620117191798), (-12.66700032121816, -2.6274740957749048), (-12.664118183801355, -2.6102445411112516), (-12.661319614866123, -2.5929314536054977), (-12.658604614211866, -2.5755348336631516), (-12.655973181637135, -2.558054681690573), (-12.653425316939629, -2.540490998094972), (-12.650961019916195, -2.522843783284409), (-12.648580290362833, -2.505113037667794)]",True
1784491296.8180556,0,-12.768643244375427,-3.2171667340019154,0.7829624961716832,13.579674069325288,-0.37153368783434576,-18.04913625137196,-5.214137016077715,1.1387009546411335,18.007565495493917,-0.3720617400480316,-5.280493006996531,-1.9969702820757997,0.3557384584694503,4.42789142616863,-0.0005280522136858479,"[(-12.810908447823946, -3.2052032607881706), (-12.81441872881148, -3.1924702654725015), (-12.818066486866215, -3.179599822115451), (-12.821851721012232, -3.1665919320370444), (-12.825774430268485, -3.1534465965624294), (-12.829834613648803, -3.1401638170218766), (-12.834032270161888, -3.1267435947507787), (-12.838367398811318, -3.1131859310896517), (-12.842839998595545, -3.099490827384134), (-12.847450068507895, -3.085658284984986), (-12.852197607536567, -3.0716883052480903), (-12.857082614664636, -3.057580889534453), (-12.86210508887005, -3.043336039210201), (-12.867265029125633, -3.028953755646584), (-12.872562434399084, -3.014434040219973), (-12.877997303652977, -2.9997768943118626), (-12.883569635844758, -2.984982319308867), (-12.889279429926749, -2.9700503166027237), (-12.89512668484615, -2.9549808875902914), (-12.901111399545034, -2.9397740336735505), (-12.907233572960346, -2.9244297562596024), (-12.913493204023911, -2.908948056760671), (-12.919890291662426, -2.8933289365941004), (-12.926424834797468, -2.8775723971823566), (-12.93309683234548, -2.861678439953027), (-12.939906283217791, -2.845647066338819), (-12.946853186320599, -2.8294782777775622), (-12.953937540554978, -2.8131720757122065), (-12.961159344816881, -2.7967284615908232), (-12.968518597997136, -2.7801474368666037), (-12.976015298981443, -2.76342900299786), (-12.98364944665038, -2.7465731614480253), (-12.991421039879404, -2.7295799136856527), (-12.999330077538843, -2.712449261184416), (-13.007376558493906, -2.69518120542311), (-13.015560481604673, -2.677775747885648), (-13.023881845726105, -2.660232890061065), (-13.032340649708038, -2.6425526334435157), (-13.04093689239518, -2.624734979532274), (-13.049670572627123, -2.606779929831735), (-13.058541689238329, -2.5886874858514126), (-13.067550241058141, -2.5704576491059408), (-13.076696226910775, -2.552090421115073), (-13.085979645615328, -2.5335858034036822), (-13.095400495985771, -2.5149437975017612)]",False
1784491297.0989182,0,-12.674276111031965,-3.2204796754761906,0.7905046285470959,13.579674069325288,-0.37153368783434576,-17.91562653975002,-5.193397692669739,1.1214872991429379,18.007565495493917,-0.3720617400480316,-5.241350428718054,-1.9729180171935488,0.33098267059584197,4.42789142616863,-0.0005280522136858479,"[(-12.735387722403841, -3.2081796139894365), (-12.739933421234486, -3.1994330690208748), (-12.744560969140224, -3.1906046805714023), (-12.749270365862607, -3.181694448939509), (-12.75406161114241, -3.172702374424464), (-12.758934704719627, -3.1636284573263165), (-12.763889646333475, -3.154472697945895), (-12.768926435722388, -3.145235096584808), (-12.774045072624023, -3.135915653545444), (-12.779245556775257, -3.126514369130971), (-12.78452788791218, -3.1170312436453353), (-12.789892065770115, -3.1074662773932644), (-12.795338090083595, -3.097819470680265), (-12.800865960586378, -3.0880908238126232), (-12.806475677011441, -3.078280337097405), (-12.81216723909098, -3.068388010842456), (-12.817940646556414, -3.058413845356401), (-12.823795899138378, -3.0483578409486456), (-12.829732996566731, -3.038219997929373), (-12.835751938570551, -3.028000316609548), (-12.841852724878137, -3.0176987973009135), (-12.848035355217007, -3.007315440315993), (-12.854299829313899, -2.9968502459680892), (-12.860646146894771, -2.9863032145712842), (-12.867074307684804, -2.97567434644044), (-12.873584311408399, -2.964963641891198), (-12.880176157789172, -2.954171101239979), (-12.886849846549966, -2.943296724803984), (-12.89360537741284, -2.932340512901193), (-12.900442750099074, -2.9213024658503657), (-12.907361964329171, -2.9101825839710407), (-12.91436301982285, -2.8989808675835373), (-12.921445916299053, -2.887697317008954), (-12.928610653475944, -2.876331932569168), (-12.935857231070903, -2.864884714586837), (-12.943185648800533, -2.8533556633853974), (-12.950595906380656, -2.841744779289066), (-12.958088003526314, -2.8300520626228387), (-12.96566193995177, -2.8182775137124905), (-12.973317715370511, -2.8064211328845765), (-12.98105532949524, -2.794482920466431), (-12.98887478203788, -2.782462876786168), (-12.996776072709578, -2.7703610021726806), (-13.004759201220695, -2.7581772969556417), (-13.01282416728082, -2.745911761465504)]",True
1784491297.1273825,0,-12.658495214790035,-3.2215742934022824,0.7913861704204007,13.579674069325288,-0.37153368783434576,-17.89381140890428,-5.188207791961751,1.1209753367836388,18.007565495493917,-0.3720617400480316,-5.235316194114246,-1.9666334985594682,0.3295891663632381,4.42789142616863,-0.0005280522136858479,"[(-12.711906001537695, -3.2099516111344193), (-12.717163246446875, -3.2018301077139806), (-12.722502716354546, -3.1936263831443323), (-12.727924410991836, -3.1853404377220276), (-12.733428330089074, -3.1769722717444124), (-12.739014473375798, -3.168521885509628), (-12.744682840580753, -3.159989279316609), (-12.750433431431887, -3.151374453465084), (-12.756266245656356, -3.1426774082555755), (-12.762181282980519, -3.1338981439894007), (-12.768178543129943, -3.12503666096867), (-12.774258025829402, -3.1160929594962887), (-12.780419730802874, -3.1070670398759552), (-12.786663657773543, -3.0979589024121625), (-12.7929898064638, -3.088768547410197), (-12.79939817659524, -3.07949597517614), (-12.805888767888666, -3.070141186016866), (-12.812461580064086, -3.0607041802400436), (-12.819116612840714, -3.0511849581541357), (-12.82585386593697, -3.0415835200683987), (-12.83267333907048, -3.0318998662928833), (-12.839575031958075, -3.022133997138434), (-12.846558944315793, -3.012285912916689), (-12.853625075858877, -3.002355613940081), (-12.860773426301776, -2.9923431005218366), (-12.868003995358148, -2.9822483729759757), (-12.875316782740853, -2.9720714316173127), (-12.88271178816196, -2.961812276761456), (-12.890189011332739, -2.9514709087248074), (-12.897748451963672, -2.941047327824563), (-12.905390109764443, -2.9305415343787122), (-12.913113984443944, -2.9199535287060394), (-12.920920075710274, -2.909283311126122), (-12.928808383270734, -2.8985308819593314), (-12.936778906831835, -2.8876962415268332), (-12.94483164609929, -2.876779390150587), (-12.952966600778023, -2.865780328153346), (-12.961183770572159, -2.8546990558586565), (-12.969483155185031, -2.8435355735908603), (-12.977864754319182, -2.832289881675092), (-12.986328567676352, -2.82096198043728), (-12.994874594957498, -2.809551870204147), (-13.003502835862774, -2.798059551303209), (-13.012213290091545, -2.786485024062777), (-13.021005957342378, -2.774828288811954)]",True
1784491297.241944,0,-12.626945333138108,-3.224501136158724,0.7929113278551452,13.579674069325288,-0.37153368783434576,-17.85027777844576,-5.1775214064719535,1.1204194387082247,18.007565495493917,-0.3720617400480316,-5.223332445307653,-1.9530202703132296,0.3275081108530795,4.42789142616863,-0.0005280522136858479,"[(-12.69735522985965, -3.211384333100621), (-12.703718764271219, -3.203750205879229), (-12.710164393560804, -3.1960339854808764), (-12.716692117450332, -3.188235672195849), (-12.72330193566094, -3.1803552663152215), (-12.72999384791298, -3.172392768130857), (-12.73676785392601, -3.1643481779354072), (-12.743623953418803, -3.156221496022313), (-12.750562146109342, -3.148012722685803), (-12.757582431714823, -3.139721858220894), (-12.764684809951653, -3.1313489029233934), (-12.771869280535448, -3.122893857089895), (-12.779135843181038, -3.1143567210177823), (-12.786484497602464, -3.1057374950052266), (-12.793915243512977, -3.0970361793511887), (-12.80142808062504, -3.088252774355417), (-12.809023008650332, -3.079387280318449), (-12.816700027299735, -3.0704396975416106), (-12.824459136283345, -3.061410026327016), (-12.832300335310475, -3.0522982669775685), (-12.840223624089644, -3.0431044197969594), (-12.848229002328583, -3.0338284850896686), (-12.856316469734237, -3.0244704631609642), (-12.86448602601276, -3.0150303543169037), (-12.872737670869517, -3.005508158864332), (-12.881071404009088, -2.9959038771108837), (-12.88948722513526, -2.9862175093649803), (-12.897985133951037, -2.9764490559358334), (-12.90656513015863, -2.966598517133442), (-12.915227213459461, -2.9566658932685943), (-12.923971383554166, -2.946651184652866), (-12.932797640142592, -2.936554391598622), (-12.941705982923798, -2.926375514419016), (-12.95069641159605, -2.916114553427989), (-12.959768925856832, -2.9057715089402714), (-12.968923525402836, -2.8953463812713816), (-12.978160209929968, -2.8848391707376266), (-12.987478979133341, -2.874249877656102), (-12.996879832707283, -2.863578502344691), (-13.006362770345332, -2.8528250451220667), (-13.015927791740241, -2.841989506307689), (-13.025574896583969, -2.831071886221807), (-13.03530408456769, -2.8200721851854587), (-13.045115355381789, -2.808990403520469), (-13.055008708715864, -2.797826541549453)]",True
1784491297.3486814,0,-12.586142970853025,-3.229780221737378,0.8652674013405693,13.579674069325288,-0.37171271759663854,-17.795642495015752,-5.165180464748897,1.1201460718768261,18.007565495493917,-0.3720617400480316,-5.209499524162727,-1.9354002430115185,0.2548786705362568,4.42789142616863,-0.0003490224513930662,"[(-12.68961458072368, -3.211989314497147), (-12.696106772907394, -3.2045120636432713), (-12.702681040428999, -3.1969527387697156), (-12.709337383009375, -3.189311340165066), (-12.716075800368607, -3.181587868118696), (-12.722896292225997, -3.1737823229207676), (-12.729798858300057, -3.1658947048622306), (-12.736783498308512, -3.157925014234822), (-12.743850211968297, -3.1498732513310674), (-12.750998998995561, -3.1417394164442802), (-12.758229859105665, -3.133523509868561), (-12.765542792013182, -3.125225531898799), (-12.772937797431895, -3.116845482830671), (-12.780414875074802, -3.1083833629606414), (-12.787974024654112, -3.099839172585963), (-12.795615245881248, -3.091212912004676), (-12.803338538466841, -3.0825045815156082), (-12.811143902120739, -3.0737141814183757), (-12.819031336551996, -3.0648417120133824), (-12.827000841468884, -3.05588717360182), (-12.835052416578886, -3.0468505664856673), (-12.843186061588693, -3.0377318909676925), (-12.851401776204213, -3.02853114735145), (-12.859699560130565, -3.019248335941282), (-12.868079413072078, -3.00988345704232), (-12.876541334732297, -3.000436510960482), (-12.885085324813975, -2.9909074980024744), (-12.89371138301908, -2.9812964184757904), (-12.90241950904879, -2.9716032726887125), (-12.911209702603498, -2.96182806095031), (-12.920081963382808, -2.9519707835704394), (-12.929036291085534, -2.9420314408597465), (-12.938072685409706, -2.9320100331296635), (-12.947191146052564, -2.921906560692411), (-12.95639167271056, -2.9117210238609976), (-12.965674265079357, -2.901453422949219), (-12.975038922853837, -2.891103758271658), (-12.984485645728086, -2.8806720301436872), (-12.994014433395403, -2.8701582388814653), (-13.003625285548306, -2.8595623848019387), (-13.013318201878521, -2.8488844682228422), (-13.023093182076982, -2.838124489462698), (-13.032950225833842, -2.8272824488408164), (-13.042889332838463, -2.8163583466772946), (-13.052910502779424, -2.805352183293018)]",True
1784491297.384054,0,-12.550512860727709,-3.2345119126256403,0.9468832963910053,13.579674069325288,-0.37171271759663854,-17.75179603416572,-5.155967714908369,1.1200628197911773,18.007565495493917,-0.3720617400480316,-5.2012831734380125,-1.921455802282729,0.17317952340017195,4.42789142616863,-0.0003490224513930662,"[(-12.674162080391648, -3.2134119047451235), (-12.68155848990227, -3.2062972295801186), (-12.68903733092691, -3.199100122520898), (-12.696598603174088, -3.1918205838561993), (-12.704242306351528, -3.184458613875562), (-12.711968440166146, -3.1770142128693273), (-12.719777004324056, -3.1694873811286373), (-12.72766799853058, -3.1618781189454355), (-12.735641422490225, -3.154186426612467), (-12.743697275906712, -3.1464123044232775), (-12.751835558482947, -3.1385557526722154), (-12.760056269921042, -3.13061677165443), (-12.768359409922306, -3.122595361665871), (-12.776744978187248, -3.114491523003291), (-12.785212974415572, -3.106305255964243), (-12.793763398306183, -3.0980365608470812), (-12.802396249557187, -3.089685437950962), (-12.811111527865885, -3.081251887575842), (-12.819909232928778, -3.0727359100224807), (-12.828789364441564, -3.0641375055924374), (-12.837751922099143, -3.0554566745880734), (-12.846796905595614, -3.046693417312551), (-12.85592431462427, -3.0378477340698344), (-12.865134148877603, -3.0289196251646886), (-12.874426408047311, -3.0199090909026802), (-12.883801091824283, -3.010816131590177), (-12.89325819989861, -3.0016407475343483), (-12.902797731959584, -2.992382939043164), (-12.912419687695689, -2.983042706425396), (-12.922124066794613, -2.9736200499906174), (-12.931910868943241, -2.964114970049202), (-12.941780093827658, -2.954527466912326), (-12.951731741133147, -2.944857540891965), (-12.96176581054419, -2.9351051923008975), (-12.971882301744467, -2.925270421452703), (-12.982081214416857, -2.9153532286617625), (-12.992362548243438, -2.9053536142432566), (-13.002726302905488, -2.895271578513169), (-13.013172478083481, -2.8851071217882835), (-13.023701073457092, -2.874860244386186), (-13.034312088705194, -2.864530946625263), (-13.045005523505859, -2.854119228824702), (-13.055781377536357, -2.8436250913044927), (-13.066639650473158, -2.833048534385425), (-13.077580341991931, -2.822389558389091)]",True
1784491297.5110574,0,-12.520798847075579,-3.237958826667073,1.0452087250619604,13.579674069325288,-0.37171271759663854,-17.696963740357777,-5.144584503987012,1.1200218799860804,18.007565495493917,-0.3720617400480316,-5.176164893282198,-1.9066256773199393,0.07481315492412,4.42789142616863,-0.0003490224513930662,"[(-12.667030279300151, -3.214208156606897), (-12.675125783124852, -3.207289949943621), (-12.683303634060765, -3.200289394584381), (-12.69156383181066, -3.1932064908149966), (-12.699906376076505, -3.1860412389220865), (-12.708331266559473, -3.178793639193066), (-12.71683850295994, -3.171463691916148), (-12.725428084977478, -3.164051397380345), (-12.73410001231087, -3.1565567558754646), (-12.742854284658096, -3.1489797676921145), (-12.751690901716337, -3.141320433121699), (-12.760609863181982, -3.1335787524564203), (-12.769611168750618, -3.1257547259892786), (-12.778694818117037, -3.1178483540140722), (-12.787860810975229, -3.109859636825396), (-12.797109147018388, -3.1017885747186438), (-12.806439825938915, -3.0936351679900063), (-12.815852847428406, -3.0853994169364722), (-12.825348211177666, -3.0770813218558284), (-12.834925916876696, -3.068680883046659), (-12.844585964214705, -3.060198100808346), (-12.854328352880101, -3.051632975441069), (-12.864153082560494, -3.042985507245805), (-12.874060152942697, -3.03425569652433), (-12.884049563712727, -3.0254435435792164), (-12.894121314555804, -3.0165490487138342), (-12.904275405156346, -3.007572212232352), (-12.914511835197978, -2.9985130344397355), (-12.924830604363525, -2.989371515641748), (-12.935231712335014, -2.9801476561449514), (-12.945715158793675, -2.970841456256704), (-12.956280943419939, -2.9614529162851624), (-12.966929065893444, -2.951982036539281), (-12.977659525893026, -2.9424288173288113), (-12.988472323096723, -2.932793258964303), (-12.999367457181778, -2.9230753617571033), (-13.010344927824637, -2.913275126019357), (-13.021404734700946, -2.903392552064006), (-13.032546877485553, -2.8934276402047905), (-13.043771355852511, -2.8833803907562485), (-13.055078169475074, -2.873250804033715), (-13.0664673180257, -2.8630388803533227), (-13.077938801176044, -2.852744620032002), (-13.08949261859697, -2.8423680233874817), (-13.101128769958544, -2.8319090907382867)]",True
1784491297.529394,0,-12.488346212056749,-3.2416169139838353,1.1301644024205157,13.579674069325288,-0.37171271759663854,-17.686013532043383,-5.1422313714063925,1.120017719319672,18.007565495493917,-0.3720617400480316,-5.197667319986634,-1.9006144574225572,-0.010146683100843656,4.42789142616863,-0.0003490224513930662,"[(-12.659780141560843, -3.214926025288474), (-12.667903691173247, -3.2081343203628303), (-12.676109194899366, -3.2012606595485056), (-12.684396652446036, -3.194305043125943), (-12.692766063519306, -3.1872674713763693), (-12.701217427824448, -3.1801479445817917), (-12.709750745065946, -3.1729464630250015), (-12.718366014947508, -3.165663026989572), (-12.727063237172054, -3.158297636759858), (-12.735842411441723, -3.150850292620998), (-12.744703537457875, -3.143320994858912), (-12.753646614921085, -3.1357097437603025), (-12.762671643531142, -3.1280165396126556), (-12.77177862298706, -3.120241382704238), (-12.780967552987068, -3.1123842733241), (-12.79023843322861, -3.1044452117620733), (-12.79959126340835, -3.0964241983087732), (-12.80902604322217, -3.0883212332555963), (-12.818542772365168, -3.080136316894722), (-12.828141450531662, -3.0718694495191126), (-12.837822077415185, -3.0635206314225116), (-12.847584652708488, -3.055089862899446), (-12.857429176103542, -3.046577144245224), (-12.867355647291536, -3.037982475755937), (-12.877364065962873, -3.0293058577284584), (-12.887454431807177, -3.0205472904604447), (-12.897626744513289, -3.0117067742503334), (-12.907881003769266, -3.002784309397345), (-12.918217209262384, -2.9937798962014828), (-12.928635360679136, -2.9846935349635313), (-12.939135457705236, -2.975525225985058), (-12.949717500025612, -2.966274969568413), (-12.96038148732441, -2.956942766016728), (-12.971127419284997, -2.9475286156339173), (-12.981955295589954, -2.9380325187246776), (-12.99286511592108, -2.9284544755944877), (-13.003856879959397, -2.9187944865496087), (-13.01493058738514, -2.9090525518970844), (-13.02608623787776, -2.89922867194474), (-13.03732383111593, -2.8893228470011842), (-13.04864336677754, -2.8793350773758064), (-13.060044844539696, -2.8692653633787795), (-13.071528264078722, -2.8591137053210582), (-13.083093625070163, -2.8488801035143796), (-13.094740927188777, -2.8385645582712624)]",True
1784491297.5811028,0,-12.441465130501655,-3.2468861388928922,1.2257471003010074,13.579674069325288,-0.37171271759663854,-17.639773896268593,-5.13207129869823,1.285901280971503,18.007565495493917,-0.3720617400480316,-5.198308765766939,-1.8851851598053382,0.060154180670495494,4.42789142616863,-0.0003490224513930662,"[(-12.594323835899395, -3.223160761725288), (-12.600118113970051, -3.217200109115499), (-12.60599349865677, -3.2111583501071292), (-12.61194998969654, -3.2050354849647373), (-12.617987586825594, -3.198831513953634), (-12.624106289779409, -3.1925464373398817), (-12.630306098292715, -3.1861802553902945), (-12.636587012099492, -3.179732968372438), (-12.642949030932963, -3.1732045765546295), (-12.6493921545256, -3.166595080205939), (-12.655916382609128, -3.1599044795961873), (-12.662521714914515, -3.1531327749959472), (-12.66920815117198, -3.146279966676544), (-12.67597569111099, -3.1393460549100536), (-12.682824334460259, -3.1323310399693045), (-12.68975408094775, -3.1252349221278766), (-12.696764930300676, -3.1180577016601014), (-12.703856882245493, -3.1107993788410626), (-12.711029936507911, -3.1034599539465955), (-12.718284092812885, -3.0960394272532867), (-12.725619350884621, -3.088537799038475), (-12.73303571044657, -3.080955069580251), (-12.740533171221433, -3.0732912391574563), (-12.74811173293116, -3.065546308049685), (-12.755771395296948, -3.0577202765372826), (-12.763512158039243, -3.0498131449013464), (-12.771334020877736, -3.0418249134237247), (-12.779236983531373, -3.033755582387019), (-12.787221045718344, -3.025605152074581), (-12.795286207156085, -3.017373622770515), (-12.803432467561287, -3.0090609947596763), (-12.811659826649882, -3.0006672683276725), (-12.819968284137056, -2.992192443760863), (-12.828357839737242, -2.983636521346358), (-12.836828493164118, -2.9749995013720194), (-12.845380244130615, -2.966281384126462), (-12.854013092348907, -2.9574821698990514), (-12.862727037530425, -2.9486018589799046), (-12.871522079385835, -2.9396404516598906), (-12.880398217625066, -2.9305979482306306), (-12.889355451957286, -2.921474348984496), (-12.898393782090915, -2.912269654214611), (-12.907513207733617, -2.9029838642148516), (-12.91671372859231, -2.893616979279844), (-12.925995344373158, -2.8841689997049675)]",True
1784491297.7404153,0,-12.338036678162174,-3.259211392901293,1.3691376937239466,13.579674069325288,-0.37171271759663854,-17.54205494514893,-5.113705158601308,1.16933393773685,18.007565495493917,-0.3720617400480316,-5.204018266986756,-1.8544937657000147,-0.19980375598709665,4.42789142616863,-0.0003490224513930662,"[(-12.575671036358276, -3.225885311939393), (-12.580881408984338, -3.22012799730919), (-12.586173321607719, -3.2142891434050975), (-12.591546773966401, -3.2083687504942913), (-12.597001765797598, -3.2023668188447165), (-12.602538296837755, -3.196283348725087), (-12.60815636682255, -3.1901183404048843), (-12.61385597548689, -3.183871794154361), (-12.619637122564916, -3.177543710244536), (-12.625499807789996, -3.1711340889471984), (-12.631444030894734, -3.1646429305349058), (-12.637469791610963, -3.158070235280984), (-12.643577089669744, -3.151416003459528), (-12.649765924801377, -3.1446802353454015), (-12.656036296735387, -3.1378629312142365), (-12.662388205200532, -3.130964091342434), (-12.668821649924801, -3.1239837160071637), (-12.675336630635417, -3.116921805486364), (-12.68193314705883, -3.109778360058742), (-12.688611198920723, -3.1025533800037732), (-12.695370785946013, -3.0952468656017023), (-12.702211907858842, -3.0878588171335424), (-12.709134564382591, -3.080389234881075), (-12.716138755239866, -3.0728381191268506), (-12.723224480152506, -3.065205470154188), (-12.730391738841584, -3.0574912882471756), (-12.737640531027404, -3.0496955736906695), (-12.744970856429498, -3.0418183267702945), (-12.752382714766632, -3.0338595477724444), (-12.759876105756803, -3.0258192369842813), (-12.767451029117234, -3.0176973946937364), (-12.77510748456439, -3.0094940211895094), (-12.78284547181396, -3.001209116761068), (-12.790664990580865, -2.99284268169865), (-12.798566040579258, -2.98439471629326), (-12.806548621522525, -2.975865220836672), (-12.814612733123282, -2.9672541956214284), (-12.822758375093375, -2.9585616409408413), (-12.830985547143884, -2.94978755708899), (-12.83929424898512, -2.9409319443607234), (-12.847684480326622, -2.9319948030516576), (-12.856156240877166, -2.922976133458179), (-12.864709530344754, -2.9138759358774413), (-12.873344348436621, -2.9046942106073677), (-12.882060694859238, -2.895430957946649)]",True
1784491297.7818043,0,-12.282678655532147,-3.2667051560064526,1.422408039802465,13.579674069325288,-0.37171271759663854,-17.49665566346846,-5.10548350988107,1.1412156785589427,18.007565495493917,-0.3720617400480316,-5.213977007936313,-1.8387783538746176,-0.2811923612435223,4.42789142616863,-0.0003490224513930662,"[(-12.555383059876393, -3.2230491890413315), (-12.561996193425278, -3.216885913540138), (-12.568682876589856, -3.210649087825583), (-12.57544310911446, -3.2043387121490574), (-12.582276890742728, -3.197954786762651), (-12.5891842212176, -3.1914973119191523), (-12.59616510028132, -3.1849662878720464), (-12.603219527675432, -3.178361714875517), (-12.610347503140781, -3.171683593184447), (-12.617549026417517, -3.1649319230544157), (-12.62482409724509, -3.1581067047417006), (-12.632172715362252, -3.1512079385032785), (-12.639594880507055, -3.144235624596823), (-12.647090592416859, -3.1371897632807055), (-12.654659850828319, -3.1300703548139968), (-12.662302655477397, -3.1228773994564643), (-12.670019006099356, -3.1156108974685743), (-12.677808902428758, -3.108270849111491), (-12.685672344199471, -3.100857254647076), (-12.693609331144664, -3.0933701143378887)]",True
1784491297.8270893,0,-12.282678655532147,-3.2667051560064526,1.422408039802465,13.579674069325288,-0.37171271759663854,-17.49665566346846,-5.10548350988107,1.1412156785589427,18.007565495493917,-0.3720617400480316,-5.213977007936313,-1.8387783538746176,-0.2811923612435223,4.42789142616863,-0.0003490224513930662,"[(-12.494844504100408, -3.2353846166909244), (-12.499092818467501, -3.229669492433483), (-12.503454976715746, -3.2238405278771305), (-12.50793097819739, -3.2178977237049895), (-12.512520822261934, -3.211841080602924), (-12.51722450825614, -3.2056705992595425), (-12.522042035524024, -3.1993862803661957), (-12.526973403406858, -3.192988124616977), (-12.532018611243174, -3.186476132708723), (-12.537177658368758, -3.1798503053410134), (-12.542450544116656, -3.1731106432161704), (-12.547837267817165, -3.166257147039259), (-12.553337828797847, -3.159289817518087), (-12.558952226383516, -3.152208655363205), (-12.564680459896243, -3.1450136612879063), (-12.570522528655356, -3.137704836008227), (-12.576478431977444, -3.1302821802429452), (-12.582548169176347, -3.1227456947135828), (-12.588731739563167, -3.1150953801444032), (-12.595029142446261, -3.107331237262413), (-12.601440377131246, -3.099453266797361), (-12.60796544292099, -3.091461469481739), (-12.614604339115626, -3.0833558460507806), (-12.62135706501254, -3.0751363972424617), (-12.628223619906375, -3.0668031237975013), (-12.635204003089031, -3.0583560264593608), (-12.642298213849667, -3.049795105974243), (-12.649506251474701, -3.0411203630910943), (-12.656828115247805, -3.0323317985616023), (-12.66426380444991, -3.023429413140197), (-12.671813318359206, -3.014413207584051), (-12.679476656251136, -3.0052831826530793), (-12.687253817398407, -2.9960393391099385), (-12.695144801070978, -2.9866816777200276), (-12.703149606536067, -2.9772101992514877), (-12.711268233058153, -2.9676249044752017), (-12.719500679898967, -2.9579257941647947), (-12.727846946317504, -2.948112869096634), (-12.73630703157001, -2.938186130049828), (-12.744880934909997, -2.928145577806229), (-12.753568655588225, -2.9179912131504286), (-12.762370192852721, -2.907723036869762), (-12.771285545948764, -2.8973410497543064), (-12.780314714118894, -2.8868452525968795), (-12.789457696602907, -2.8762356461930416)]",True
1784491297.8796167,0,-12.254298608545968,-3.2708475871428107,1.4453942251920466,13.579674069325288,-0.37171271759663854,-17.474269370043363,-5.101446259599772,1.133912735312684,18.007565495493917,-0.3720617400480316,-5.219970761497395,-1.8305986724569614,-0.3114814898793625,4.42789142616863,-0.0003490224513930662,"[(-12.481045395000317, -3.2373071620248393), (-12.484057628777624, -3.2321471012595255), (-12.487155621222302, -3.2269012848851277), (-12.490339372061385, -3.22156971319753), (-12.493608881020993, -3.216152386493531), (-12.496964147826331, -3.210649305070844), (-12.500405172201686, -3.205060469228096), (-12.503931953870435, -3.1993858792648298), (-12.507544492555034, -3.1936255354815017), (-12.511242787977034, -3.1877794381794833), (-12.515026839857063, -3.1818475876610597), (-12.518896647914836, -3.175829984229431), (-12.522852211869157, -3.169726628188712), (-12.526893531437914, -3.1635375198439317), (-12.531020606338076, -3.1572626595010336), (-12.535233436285704, -3.1509020474668756), (-12.53953202099594, -3.14445568404923), (-12.543916360183015, -3.1379235695567838), (-12.548386453560244, -3.1313057042991383), (-12.552942300840025, -3.1246020885868098), (-12.557583901733842, -3.1178127227312276), (-12.56231125595227, -3.110937607044737), (-12.567124363204963, -3.1039767418405964), (-12.572023223200661, -3.0969301274329797), (-12.577007835647194, -3.0897977641369745), (-12.582078200251475, -3.0825796522685835), (-12.5872343167195, -3.075275792144723), (-12.592476184756357, -3.067886184083224), (-12.597803804066213, -3.0604108284028317), (-12.603217174352322, -3.0528497254232065), (-12.608716295317024, -3.045202875464922), (-12.614301166661747, -3.037470278849467), (-12.619971788087001, -3.029651935899244), (-12.625728159292384, -3.021747846937571), (-12.631570279976579, -3.013758012288679), (-12.637498149837352, -3.0056824322777143), (-12.643511768571559, -2.9975211072307366), (-12.649611135875137, -2.989274037474721), (-12.655796251443112, -2.9809412233375565), (-12.662067114969595, -2.972522665148046), (-12.66842372614778, -2.964018363235907), (-12.67486608466995, -2.9554283179317715), (-12.681394190227474, -2.9467525295671857), (-12.688008042510802, -2.9379909984746098), (-12.694707641209474, -2.929143724987419)]",True
1784491297.9307694,0,-12.196375056020615,-3.279952836203355,1.4851626725057376,13.579674069325288,-0.37171271759663854,-17.429797733771313,-5.093492966181657,1.1259830662233106,18.007565495493917,-0.3720617400480316,-5.233422677750697,-1.8135401299783016,-0.35917960628242707,4.42789142616863,-0.0003490224513930662,"[(-12.445622938672683, -3.241517750035422), (-12.448749824428251, -3.2365429711406817), (-12.451959113835912, -3.2314857910956323), (-12.455250806645013, -3.2263462101689515), (-12.458624902604102, -3.22112422863012), (-12.46208140146092, -3.2158198467494215), (-12.465620302962405, -3.210433064797944), (-12.469241606854695, -3.2049638830475784), (-12.472945312883118, -3.199412301771019), (-12.476731420792204, -3.193778321241764), (-12.480599930325678, -3.1880619417341136), (-12.484550841226461, -3.182263163523173), (-12.48858415323667, -3.17638198688485), (-12.492699866097622, -3.170418412095856), (-12.496897979549825, -3.164372439433705), (-12.501178493332988, -3.1582440691767157), (-12.505541407186016, -3.152033301604009), (-12.509986720847008, -3.14574013699551), (-12.514514434053263, -3.1393645756319466), (-12.519124546541272, -3.13290661779485), (-12.52381705804673, -3.1263662637665552), (-12.52859196830452, -3.1197435138302003), (-12.533449277048726, -3.1130383682697262), (-12.53838898401263, -3.106250827369878), (-12.54341108892871, -3.099380891416204), (-12.548515591528638, -3.092428560695055), (-12.553702491543282, -3.0853938354935857), (-12.558971788702712, -3.0782767160997544), (-12.564323482736189, -3.071077202802322), (-12.569757573372174, -3.063795295890853), (-12.575274060338323, -3.056430995655716), (-12.58087294336149, -3.048984302388081), (-12.586554222167724, -3.0414552163799233), (-12.592317896482273, -3.03384373792402), (-12.59816396602958, -3.0261498673139524), (-12.604092430533283, -3.0183736048441046), (-12.61010328971622, -3.010514950809664), (-12.616196543300422, -3.002573905506621), (-12.622372191007122, -2.9945504692317706), (-12.628630232556745, -2.986444642282709), (-12.634970667668913, -2.978256424957837), (-12.641393496062449, -2.969985817556358), (-12.647898717455366, -2.9616328203782794), (-12.65448633156488, -2.953197433724411), (-12.6611563381074, -2.944679657896366)]",True
1784491298.029174,0,-12.16691459165647,-3.284923695202905,1.5023227807066666,13.579674069325288,-0.37171271759663854,-17.40764489989769,-5.089567358019818,1.1239235531163683,18.007565495493917,-0.3720617400480316,-5.24073030824122,-1.804643662816913,-0.3783992275902983,4.42789142616863,-0.0003490224513930662,"[(-12.278476374601972, -3.2626975726523098), (-12.273715926241985, -3.2590238349229743), (-12.269038807692098, -3.255266779123689), (-12.264445018771756, -3.2514264055205144), (-12.259934559299563, -3.2475027143803574), (-12.255507429093278, -3.243495705970968), (-12.251163627969817, -3.239405380560941), (-12.246903155745246, -3.235231738419715), (-12.24272601223479, -3.2309747798175725), (-12.238632197252832, -3.2266345050256415), (-12.234621710612904, -3.2222109143158937), (-12.2306945521277, -3.217704007961145), (-12.226850721609063, -3.2131137862350556), (-12.223090218867995, -3.20844024941213), (-12.219413043714654, -3.2036833977677173), (-12.215819195958353, -3.1988432315780098), (-12.21230867540756, -3.193919751120045), (-12.208881481869895, -3.1889129566717043), (-12.20553761515214, -3.1838228485117135), (-12.202277075060225, -3.1786494269196424), (-12.199099861399244, -3.173392692175905), (-12.196005973973438, -3.16805264456176), (-12.192995412586209, -3.1626292843593093), (-12.19006817704011, -3.1571226118515003), (-12.187224267136857, -3.151532627322124), (-12.184463682677313, -3.1458593310558154), (-12.1817864234615, -3.1401027233380536), (-12.179192489288594, -3.1342628044551626), (-12.17668187995693, -3.12833957469431), (-12.174254595263998, -3.1223330343435074), (-12.171910635006437, -3.116243183691611), (-12.16964999898005, -3.1100700230283214), (-12.167472686979789, -3.1038135526441826), (-12.165378698799763, -3.0974737728305834), (-12.163368034233242, -3.0910506838797565), (-12.161440693072645, -3.0845442860847787), (-12.159596675109547, -3.0779545797395707), (-12.157835980134681, -3.071281565138898), (-12.156158607937934, -3.0645252425783696), (-12.15456455830835, -3.057685612354439), (-12.153053831034125, -3.0507626747644037), (-12.151626425902615, -3.0437564301064053), (-12.15028234270033, -3.0366668786794295), (-12.149021581212931, -3.0294940207833063), (-12.147844141225244, -3.0222378567187094)]",True
1784491298.076665,0,-12.061358402870372,-3.3020879015681572,1.550774428931547,13.579674069325288,-0.37171271759663854,-17.330660427127302,-5.074032265805922,1.1208960365531901,18.007565495493917,-0.3720617400480316,-5.26930202425693,-1.7719443642377648,-0.4298783923783569,4.42789142616863,-0.0003490224513930662,"[(-12.076692467451014, -3.2961272515210096), (-12.075742836271239, -3.2926161539602243), (-12.074875988949003, -3.289022278650998), (-12.07409192527003, -3.2853456258518228), (-12.073390645019218, -3.2815861958220114), (-12.07277214798065, -3.2777439888216966), (-12.072236433937585, -3.273819005111831), (-12.071783502672465, -3.2698112449541874), (-12.07141335396691, -3.265720708611359), (-12.07112598760172, -3.2615473963467583), (-12.070921403356873, -3.2572913084246187), (-12.070799601011531, -3.252952445109993), (-12.070760580344034, -3.248530806668754), (-12.070804341131899, -3.2440263933675952), (-12.070930883151824, -3.2394392054740297), (-12.071140206179688, -3.2347692432563906), (-12.071432309990552, -3.230016506983831), (-12.071807194358652, -3.225180996926324), (-12.072264859057405, -3.2202627133546637), (-12.072805303859411, -3.215261656540463), (-12.073428528536448, -3.210177826756155), (-12.074134532859471, -3.205011224274993), (-12.07492331659862, -3.1997618493710505), (-12.075794879523208, -3.1944297023192205), (-12.076749221401736, -3.189014783395217), (-12.077786342001879, -3.1835170928755723), (-12.078906241090493, -3.1779366310376402), (-12.080108918433615, -3.1722733981595943), (-12.081394373796462, -3.1665273945204273), (-12.082762606943428, -3.1606986203999523), (-12.08421361763809, -3.1547870760788026), (-12.085747405643206, -3.1487927618384313), (-12.087363970720707, -3.142715677961111), (-12.089063312631712, -3.1365558247299354), (-12.090845431136515, -3.1303132024288174), (-12.09271032599459, -3.1239878113424893), (-12.094657996964594, -3.117579651756504), (-12.096688443804359, -3.1110887239572347), (-12.098801666270903, -3.1045150282318734), (-12.10099766412042, -3.097858564868433), (-12.103276437108283, -3.0911193341557457), (-12.10563798498905, -3.0842973363834645), (-12.108082307516451, -3.077392571842061), (-12.110609404443403, -3.0704050408228274), (-12.113219275522, -3.063334743617876)]",True
1784491298.1319826,0,-12.04595250967809,-3.30409475714107,1.5564436027952273,13.579674069325288,-0.37171271759663854,-17.319713983167222,-5.0716245851905155,1.1207256113077178,18.007565495493917,-0.3720617400480316,-5.273761473489133,-1.7675298280494456,-0.43571799148750956,4.42789142616863,-0.0003490224513930662,"[(-12.061563507552611, -3.298198591604133), (-12.061971408719113, -3.2944759636236847), (-12.062462838612413, -3.290669811534858), (-12.063037796998765, -3.286780135605117), (-12.063696283643578, -3.282806936102776), (-12.064438298311407, -3.2787502132969975), (-12.06526384076596, -3.274609967457793), (-12.066172910770097, -3.2703861988560243), (-12.067165508085827, -3.266078907763402), (-12.068241632474308, -3.261688094452486), (-12.069401283695854, -3.257213759196685), (-12.070644461509922, -3.252655902270258), (-12.071971165675127, -3.248014523948312), (-12.07338139594923, -3.2432896245068035), (-12.074875152089144, -3.238481204222539), (-12.076452433850932, -3.2335892633731733), (-12.07811324098981, -3.228613802237211), (-12.07985757326014, -3.2235548210940057), (-12.08168543041544, -3.2184123202237602), (-12.083596812208375, -3.2131862999075262), (-12.085591718390763, -3.2078767604272054), (-12.08767014871357, -3.202483702065548), (-12.089832102926916, -3.197007125106153), (-12.09207758078007, -3.1914470298334696), (-12.094406582021449, -3.1858034165327958), (-12.096819106398625, -3.180076285490278), (-12.099315153658319, -3.174265636992913), (-12.101894723546403, -3.168371471328546), (-12.1045578158079, -3.162393788785871), (-12.10730443018698, -3.1563325896544323), (-12.11013456642697, -3.1501878742246223), (-12.113048224270344, -3.143959642787683), (-12.116045403458724, -3.137647895635705), (-12.11912610373289, -3.131252633061629), (-12.122290324832768, -3.1247738553592437), (-12.125538066497436, -3.118211562823188), (-12.12886932846512, -3.1115657557489493), (-12.132284110473199, -3.104836434432864), (-12.135782412258205, -3.0980235991721177), (-12.139364233555817, -3.091127250264745), (-12.143029574100867, -3.0841473880096304), (-12.146778433627336, -3.077084012706506), (-12.15061081186836, -3.0699371246559544), (-12.154526708556219, -3.062706724159406), (-12.158526123422348, -3.0553928115191415)]",True
1784491298.1752737,0,-11.967991911070452,-3.3129156435535916,1.5809933242421503,13.579674069325288,-0.37171271759663854,-17.265014050111883,-5.059524240010302,1.1202526959290233,48.94813184209377,-0.3368284022538175,-5.297022139041431,-1.7466085964567104,-0.460740628313127,35.36845777276849,0.03488431534282105,"[(-11.985292549913758, -3.307189737114072), (-11.985771983366746, -3.303409281483858), (-11.986333954680081, -3.2995462924828973), (-11.98697846362756, -3.295600770369797), (-11.987705509982161, -3.2915727154039733), (-11.988515093516062, -3.287462127845652), (-11.989407214000625, -3.2832690079558677), (-11.990381871206404, -3.278993355996466), (-11.991439064903144, -3.2746351722301013), (-11.992578794859778, -3.2701944569202377), (-11.993801060844431, -3.2656712103311496), (-11.99510586262442, -3.2610654327279205), (-11.996493199966247, -3.2563771243764434), (-11.997963072635608, -3.2516062855434216), (-11.99951548039739, -3.246752916496367), (-12.00115042301567, -3.2418170175036023), (-12.002867900253708, -3.2367985888342585), (-12.004667911873966, -3.2316976307582777), (-12.006550457638088, -3.22651414354641), (-12.008515537306913, -3.2212481274702167), (-12.010563150640467, -3.215899582802068), (-12.012693297397966, -3.2104685098151426), (-12.01490597733782, -3.2049549087834306), (-12.017201190217625, -3.1993587799817305), (-12.01957893579417, -3.193680123685651), (-12.022039213823435, -3.18791894017161), (-12.024582024060587, -3.1820752297168355), (-12.027207366259985, -3.1761489925993645), (-12.029915240175178, -3.170140229098043), (-12.032705645558908, -3.164048939492528), (-12.035578582163104, -3.157875124063285), (-12.038534049738887, -3.15161878309159), (-12.041572048036565, -3.145279916859527), (-12.044692576805643, -3.1388585256499906), (-12.04789563579481, -3.132354609746685), (-12.051181224751947, -3.1257681694341235), (-12.054549343424124, -3.119099204997629), (-12.057999991557608, -3.112347716723334), (-12.06153316889785, -3.105513704898181), (-12.065148875189493, -3.098597169809921), (-12.068847110176371, -3.091598111747115), (-12.072627873601506, -3.084516530999134), (-12.076491165207115, -3.077352427856157), (-12.0804369847346, -3.0701058026091745), (-12.084465331924559, -3.062776655549985)]",True
1784491298.2376409,0,-11.936439622331044,-3.3160064178622677,1.589256610806099,13.579674069325288,-0.37171271759663854,-17.24314367127797,-5.054663900134696,1.1201657135770469,48.94813184209377,-0.3368284022538175,-5.306704048946926,-1.7386574822724286,-0.4690908972290522,35.36845777276849,0.03488431534282105,"[(-11.95382199984106, -3.310371718150727), (-11.954277814414175, -3.306544678466914), (-11.954816160937018, -3.30263511141775), (-11.955437039183666, -3.2986430172622407), (-11.956140448927387, -3.294568396260201), (-11.956926389940636, -3.290411248672255), (-11.957794861995058, -3.286171574759836), (-11.958745864861495, -3.281849374785188), (-11.959779398309971, -3.277444649011363), (-11.960895462109706, -3.272957397702223), (-11.962094056029109, -3.2683876211224394), (-11.963375179835777, -3.263735319537493), (-11.964738833296503, -3.2590004932136742), (-11.966185016177265, -3.2541831424180825), (-11.967713728243236, -3.2492832674186265), (-11.969324969258775, -3.2443008684840247), (-11.971018738987434, -3.2392359458838045), (-11.972795037191956, -3.2340884998883035), (-11.974653863634272, -3.2288585307686675), (-11.976595218075506, -3.2235460387968526), (-11.978619100275973, -3.218151024245624), (-11.980725509995176, -3.212673487388556), (-11.982914446991812, -3.2071134285000324), (-11.985185911023763, -3.2014708478552465), (-11.987539901848105, -3.1957457457302008), (-11.989976419221108, -3.1899381224017067), (-11.992495462898223, -3.184047978147386), (-11.995097032634101, -3.1780753132456683), (-11.99778112818258, -3.1720201279757942), (-12.00054774929669, -3.1658824226178126), (-12.003396895728645, -3.1596621974525814), (-12.00632856722986, -3.1533594527617685), (-12.009342763550931, -3.1469741888278513), (-12.01243948444165, -3.140506405934116), (-12.015618729650999, -3.1339561043646573), (-12.01888049892715, -3.127323284404381), (-12.022224792017463, -3.120607946339001), (-12.025651608668493, -3.1138100904550408), (-12.029160948625986, -3.1069297170398325), (-12.032752811634872, -3.099966826381518), (-12.036427197439277, -3.0929214187690492), (-12.040184105782519, -3.085793494492186), (-12.044023536407101, -3.0785830538414984), (-12.04794548905472, -3.0712900971083648), (-12.051949963466265, -3.0639146245849735)]",True
