timestamp,lap,ego_x,ego_y,ego_vel,ego_s,ego_d,opp_x,opp_y,opp_vel,opp_s,opp_d,rel_x,rel_y,rel_vel,rel_s,rel_d,imm_trajectory,imm_active
1783881729.7369864,0,-49.72562021610764,51.75961570747454,0.08117288011659016,264.8595086239417,-0.46006626366086323,-42.60597247778804,50.578999795932,0.16149435260854578,270.3819468994022,-0.4395222880146221,7.1196477383196,-1.1806159115425388,0.08032147249195562,5.522438275460502,0.02054397564624111,"[(-32.96159674705311, 49.30600182856103), (-32.99322057269398, 49.297807979591184), (-33.02494216458135, 49.289516317576556), (-33.056761521793, 49.28112684304083), (-33.088678643405075, 49.27263955650938), (-33.120693528492055, 49.26405445850922), (-33.152806176126745, 49.255371549569034), (-33.1850165853803, 49.24659083021916), (-33.217324755322224, 49.23771230099162), (-33.24973068502034, 49.228735962420075), (-33.28223437354082, 49.21966181503986), (-33.314835819948186, 49.21048985938797), (-33.34753502330529, 49.20122009600306), (-33.380331982673326, 49.19185252542545), (-33.41322669711183, 49.18238714819713), (-33.44621916567868, 49.17282396486173), (-33.47930938743009, 49.16316297596456), (-33.51249736142062, 49.15340418205259), (-33.54578308670316, 49.14354758367445), (-33.57916656232895, 49.133593181380434), (-33.61264778734756, 49.12354097572249), (-33.64622676080692, 49.11339096725424), (-33.67990348175328, 49.10314315653096), (-33.71367794923124, 49.0927975441096), (-33.74755016228374, 49.08235413054875), (-33.781520119952056, 49.071812916408675), (-33.815587821275805, 49.06117390225131), (-33.84975326529295, 49.05043708864024), (-33.884016451039784, 49.039602476140715), (-33.91837737755096, 49.028670065319645), (-33.952836043859456, 49.01763985674561), (-33.9873924489966, 49.00651185098884), (-34.022046591992044, 48.995286048621246), (-34.0567984718738, 48.983962450216374), (-34.091648087668204, 48.972541056349456), (-34.12659543839995, 48.96102186759737), (-34.16164052309207, 48.949404884538666), (-34.19678334076591, 48.937690107753546), (-34.232023890441184, 48.925877537823894), (-34.26736217113595, 48.91396717533323), (-34.302798181866585, 48.90195902086674), (-34.33833192164783, 48.88985307501129), (-34.373963389492744, 48.8776493383554), (-34.409692584412745, 48.865347811489244), (-34.445519505417586, 48.85294849500466)]",True
1783881729.7641475,0,-49.72976989329179,51.763767271908826,0.20844763253689166,264.8595086239417,-0.46006626366086323,-42.61281459897963,50.57899090108648,0.2918266824455366,270.3819468994022,-0.4395222880146221,7.116955294312156,-1.1847763708223482,0.08337904990864495,5.522438275460502,0.02054397564624111,"[(-33.0378619691635, 49.297830910240386), (-33.072181507882675, 49.28805051501603), (-33.10658918900032, 49.278181928218686), (-33.14108501158204, 49.268225150363214), (-33.17566897469197, 49.258180181966), (-33.21034107739273, 49.24804702354491), (-33.24510131874541, 49.23782567561935), (-33.27994969780964, 49.22751613871019), (-33.31488621364351, 49.21711841333986), (-33.34991086530363, 49.20663250003225), (-33.38502365184508, 49.19605839931278), (-33.42022457232147, 49.18539611170837), (-33.455513625784896, 49.17464563774744), (-33.49089081128592, 49.16380697795993), (-33.52635612787364, 49.15288013287727), (-33.56190957459563, 49.141865103032416), (-33.59755115049797, 49.13076188895981), (-33.63328085462522, 49.11957049119542), (-33.669098686020455, 49.108290910276686), (-33.70500464372524, 49.096923146742604)]",True
1783881729.8542979,0,-49.72976989329179,51.763767271908826,0.20844763253689166,264.8595086239417,-0.46006626366086323,-42.61281459897963,50.57899090108648,0.2918266824455366,270.3819468994022,-0.4395222880146221,7.116955294312156,-1.1847763708223482,0.08337904990864495,5.522438275460502,0.02054397564624111,"[(-51.07276374373766, 51.55555599783324), (-52.67038617694429, 51.38964608123722), (-54.32915829750374, 51.15678313917438), (-56.045721658667155, 50.857438639534145), (-57.81660080617047, 50.49221865264355), (-59.63821031484175, 50.06186262418197), (-61.50686204786205, 49.56724187805623), (-63.41877262398223, 49.00935785226747), (-65.37007107757725, 48.38934007134134), (-67.35680669602884, 47.70844385942681), (-69.37495701856861, 46.96804779869372), (-71.42043598038669, 46.16965093817491), (-73.48910218551671, 45.31486975870418), (-75.57676729174763, 44.4054349000949), (-77.67920449058548, 43.4431876571858), (-79.79215706509632, 42.430076251848035), (-81.91134700830355, 41.36815188850162), (-84.03248368469023, 40.259564601127366), (-86.15127251726994, 39.106558900182705), (-88.2634236826377, 37.91146922823497), (-90.36466079639655, 36.67671523351289), (-92.45072957137482, 35.404796870945646), (-94.51740643110386, 34.09828934060844), (-96.5605070611173, 32.7598378738222), (-98.57589488075803, 31.392152377464093), (-100.55948941834058, 29.998001947332003), (-102.50727457271205, 28.580209261671765), (-104.41530674448461, 27.141644866218197), (-106.27972282047679, 25.68522136232085), (-108.09674799519765, 24.213887509921484), (-109.86270341353801, 22.730622257322782), (-111.5740136191951, 21.23842870983592), (-113.22721379374977, 19.740328049518464), (-114.8189567717399, 18.239353418313023), (-116.34601981752678, 16.738543776971238), (-117.80531115023355, 15.240937752196642), (-119.19387620354502, 13.749567484463888), (-120.50890360769493, 12.267452488970356), (-121.74773088152905, 10.797593542149617), (-122.90784982311982, 9.342966606124525), (-123.98691158801815, 7.906516803400784), (-124.98273144486085, 6.4911524540002095), (-125.89329319870517, 5.099739187106447), (-126.71675327313461, 3.735094139145049), (-127.4514444428712, 2.3999802500448117)]",True
1783881729.871878,0,-49.73134389198494,51.76534006489955,0.23657594817660263,264.8595086239417,-0.46006626366086323,-42.615929744624744,50.57898001699323,0.3312063239219874,270.3819468994022,-0.4395222880146221,7.115414147360198,-1.1863600479063194,0.09463037574538477,5.522438275460502,0.02054397564624111,"[(-50.40320682306229, 51.776157251023875), (-50.913684250639264, 51.791195104319456), (-51.43114662993178, 51.80457929866682), (-51.955593960939844, 51.81630983406597), (-52.48702624366344, 51.8263867105169), (-53.02544347810259, 51.83480992801962), (-53.57084566425727, 51.84157948657412), (-54.12323280212749, 51.84669538618041), (-54.68260489171325, 51.85015762683848), (-55.248961933014535, 51.85196620854833), (-55.82230392603136, 51.85212113130997), (-56.402630870763716, 51.850622395123395), (-56.989942767211595, 51.847469999988604), (-57.584239615375004, 51.8426639459056), (-58.185521415253945, 51.83620423287438), (-58.79378816684841, 51.828090860894946), (-59.409039870158395, 51.81832382996729), (-60.031276525183905, 51.80690314009142), (-60.66049813192494, 51.79382879126734), (-61.296704690381496, 51.77910078349504), (-61.93989620055357, 51.76271911677453), (-62.590072662441166, 51.7446837911058), (-63.24723407604427, 51.72499480648886), (-63.91138044136289, 51.703652162923696), (-64.58251175839702, 51.68065586041032), (-65.26062802714667, 51.65600589894873), (-65.94572924761182, 51.62970227853892), (-66.63781541979249, 51.6017449991809), (-67.33688654368866, 51.57213406087467), (-68.04294261930033, 51.54086946362022), (-68.75598364662751, 51.507951207417555), (-69.4760096256702, 51.47337929226668), (-70.20302055642838, 51.437153718167586), (-70.93701643890206, 51.39927448512028), (-71.67799727309124, 51.35974159312476), (-72.42596305899589, 51.318555042181025), (-73.18091379661604, 51.275714832289076), (-73.94284948595168, 51.23122096344891), (-74.71177012700282, 51.185073435660534), (-75.48767571976944, 51.13727224892394), (-76.27056626425156, 51.087817403239136), (-77.06044176044915, 51.036708898606115), (-77.85730220836223, 50.98394673502489), (-78.66114760799078, 50.929530912495444), (-79.47197795933482, 50.87346143101779)]",True
1783881729.9578009,0,-49.73311212174923,51.76710696368962,0.26336676240764534,264.8595086239417,-0.46006626366086323,-42.61942929082825,50.57896094063979,0.36871346344623296,270.3819468994022,-0.4395222880146221,7.113682830920979,-1.188146023049832,0.10534670103858762,5.522438275460502,0.02054397564624111,"[(-50.38962840164078, 51.86639220332641), (-50.895846471465994, 51.96611747364769), (-51.40620985710972, 52.06998805984777), (-51.92071855855336, 52.17800396192235), (-52.43937257577815, 52.29016517986698), (-52.9621719087652, 52.406471713677064), (-53.48911655749547, 52.52692356334787), (-54.02020652194976, 52.651520728874516), (-54.55544180210874, 52.78026321025196), (-55.09482239795293, 52.91315100747504), (-55.63834830946271, 53.05018412053842), (-56.18601953661829, 53.19136254943663), (-56.737836079399756, 53.336686294164075), (-57.29379793778705, 53.486155354714974), (-57.85390511175996, 53.63976973108343), (-58.41815760129813, 53.7975294232634), (-58.98655540638105, 53.959434431248674), (-59.55909852698807, 54.12548475503291), (-60.13578696309841, 54.29568039460961), (-60.71662071469112, 54.47002134997216), (-61.30159978174511, 54.64850762111376), (-61.89072416423916, 54.831139208027494), (-62.483993862151884, 55.01791611070629), (-63.081408875461754, 55.208838329142914), (-63.68296920414711, 55.40390586333002), (-64.28867484818613, 55.60311871326008), (-64.89852580755687, 55.80647687892545), (-65.5125220822372, 56.01398036031833), (-66.13066367220488, 56.22562915743076), (-66.75295057743749, 56.441423270254646), (-67.3793827979125, 56.66136269878176), (-68.00996033360722, 56.885447443003706), (-68.64468318449883, 57.113677502911955), (-69.28355135056434, 57.34605287849783), (-69.92656483178061, 57.58257356975251), (-70.57372362812437, 57.82323957666703), (-71.22502773957218, 58.06805089923226), (-71.88047716610052, 58.317007537438954), (-72.54007190768564, 58.5701094912777), (-73.2038119643037, 58.82735676073893), (-73.87169733593069, 59.088749345812964), (-74.54372802254245, 59.354287246489946), (-75.21990402411471, 59.62397046275989), (-75.90022534062301, 59.89779899461267), (-76.58469197204276, 60.17577284203799)]",True
1783881729.9664297,0,-49.73513228005569,51.76912629729706,0.3079036751225225,264.8595086239417,-0.46006626366086323,-42.6232949232219,50.578930527914885,0.40443713848610063,270.3819468994022,-0.4395222880146221,7.111837356833789,-1.1901957693821785,0.09653346336357815,5.522438275460502,0.02054397564624111,"[(-50.33155405809828, 51.836405950929525), (-50.83225202771376, 51.900823338461464), (-51.333409877020735, 51.9657006094236), (-51.835027605846555, 52.03103776378726), (-52.3371052140184, 52.0968348015236), (-52.83964270136331, 52.16309172260363), (-53.34264006770817, 52.22980852699822), (-53.84609731287971, 52.29698521467807), (-54.350014436704505, 52.36462178561373), (-54.854391439009, 52.43271823977562), (-55.359228319619454, 52.50127457713398), (-55.864525078362, 52.57029079765891), (-56.37028171506262, 52.63976690132038), (-56.87649822954712, 52.70970288808817), (-57.383174621641174, 52.78009875793192), (-57.89031089117031, 52.85095451082113), (-58.39790703795989, 52.922270146725154), (-58.90596306183513, 52.99404566561317), (-59.41447896262109, 53.06628106745423), (-59.92345474014268, 53.138976352217206), (-60.432890394224664, 53.21213151987084), (-60.94278592469165, 53.285746570383715), (-61.453141331368094, 53.35982150372426), (-61.9639566140783, 53.43435631986076), (-62.47523177264642, 53.50935101876134), (-62.986966806896454, 53.58480560039398), (-63.49916171665225, 53.66072006472649), (-64.01181650173751, 53.73709441172657), (-64.52493116197577, 53.81392864136172), (-65.03850569719043, 53.891222753599315), (-65.55254010720473, 53.96897674840657), (-66.06703439184177, 54.04719062575055), (-66.58198855092448, 54.12586438559818), (-67.09740258427564, 54.20499802791621), (-67.6132764917179, 54.284591552671266), (-68.12961027307374, 54.36464495982979), (-68.64640392816548, 54.445158249358094), (-69.16365745681532, 54.52613142122234), (-69.68137085884526, 54.60756447538852), (-70.19954413407719, 54.689457411822495), (-70.71817728233285, 54.77181023048996), (-71.23727030343379, 54.854622931356474), (-71.75682319720144, 54.93789551438742), (-72.27683596345707, 55.02162797954805), (-72.79730860202181, 55.10582032680345)]",True
1783881730.073584,0,-49.740079388783926,51.77407355264441,0.3907250080244902,264.8595086239417,-0.46006626366086323,-42.63205543727327,50.578825792988845,0.4708692776399732,270.3819468994022,-0.4395222880146221,7.108023951510653,-1.1952477596555653,0.08014426961548304,5.522438275460502,0.02054397564624111,"[(-50.00204350136808, 51.79631087765274), (-50.24488989833324, 51.81933830743758), (-50.48792625735125, 51.842556996521466), (-50.731152552987325, 51.865966940519336), (-50.974568759788774, 51.88956813502786), (-51.218174852285, 51.913360575625425), (-51.461970804987494, 51.937344257872155), (-51.70595659238983, 51.96151917730988), (-51.9501321889677, 51.985885329462164), (-52.19449756917887, 52.0104427098343), (-52.439052707463226, 52.0351913139133), (-52.68379757824275, 52.0601311371679), (-52.92873215592155, 52.08526217504858), (-53.173856414885826, 52.11058442298752), (-53.41917032950389, 52.136097876398665), (-53.66467387412617, 52.161802530677654), (-53.91036702308523, 52.187698381201876), (-54.15624975069573, 52.21378542333045), (-54.40232203125447, 52.24006365240421), (-54.64858383904036, 52.26653306374574), (-54.89503514831446, 52.29319365265935), (-55.14167593331995, 52.32004541443108), (-55.38850616828215, 52.34708834432871), (-55.6355258274085, 52.374322437601755), (-55.88273488488859, 52.40174768948146), (-56.13013331489417, 52.42936409518081), (-56.3777210915791, 52.457171649894505), (-56.62549818907941, 52.48517034879902), (-56.87346458151328, 52.51336018705255), (-57.121620242981045, 52.541741159795016), (-57.369965147565175, 52.57031326214809), (-57.61849926933032, 52.59907648921519), (-57.867222582323286, 52.62803083608147), (-58.11613506057303, 52.65717629781381), (-58.36523667809069, 52.686512869460856), (-58.61452740886956, 52.71604054605298), (-58.864007226885136, 52.745759322602304), (-59.11367610609504, 52.77566919410269), (-59.36353402043911, 52.80577015552975), (-59.613580943839345, 52.83606220184084), (-59.86381685019993, 52.86654532797505), (-60.114241713407246, 52.89721952885323), (-60.36485550732985, 52.92808479937797), (-60.61565820581849, 52.95914113443362), (-60.86664978270612, 52.99038852888627)]",True
1783881730.1170757,0,-49.740079388783926,51.77407355264441,0.3907250080244902,264.8595086239417,-0.46006626366086323,-42.63205543727327,50.578825792988845,0.4708692776399732,270.3819468994022,-0.4395222880146221,7.108023951510653,-1.1952477596555653,0.08014426961548304,5.522438275460502,0.02054397564624111,"[(-50.12041003377454, 51.81312492471746), (-50.30303439850795, 51.8320510775563), (-50.48586023264772, 51.85117993780962), (-50.66888750712781, 51.87051149982982), (-50.852116192853764, 51.890045757940364), (-51.035546260702695, 51.90978270643579), (-51.21917768152332, 51.929722339581694), (-51.40301042613592, 51.949864651614725), (-51.587044465332404, 51.97020963674262), (-51.77127976987626, 51.99075728914415), (-51.95571631050258, 52.01150760296918), (-52.140354057918074, 52.03246057233865), (-52.32519298280107, 52.05361619134454), (-52.5102330558015, 52.07497445404993), (-52.69547424754092, 52.09653535448896), (-52.88091652861254, 52.11829888666684), (-53.06655986958116, 52.140265044559875), (-53.25240424098326, 52.162433822115425), (-53.438449613326924, 52.18480521325194), (-53.624695957091916, 52.20737921185896)]",True
1783881730.3243103,0,-49.740079388783926,51.77407355264441,0.3907250080244902,264.8595086239417,-0.46006626366086323,-42.63205543727327,50.578825792988845,0.4708692776399732,270.3819468994022,-0.4395222880146221,7.108023951510653,-1.1952477596555653,0.08014426961548304,5.522438275460502,0.02054397564624111,"[(-50.30219241178927, 51.83176037780327), (-50.48520600364849, 51.850874457373315), (-50.668421061970456, 51.87019124293659), (-50.85183755763343, 51.88971072881863), (-51.03545546148728, 51.909432909315996), (-51.21927474435344, 51.92935777869636), (-51.403295377024946, 51.94948533119841), (-51.58751733026641, 51.969815561031936), (-51.77194057481404, 51.990348462377774), (-51.956565081375665, 52.01108402938784), (-52.14139082063072, 52.0320222561851), (-52.32641776323022, 52.05316313686361), (-52.51164587979682, 52.07450666548849), (-52.697075140924795, 52.09605283609593), (-52.882705517180035, 52.11780164269319), (-53.06853697910007, 52.13975307925861), (-53.25456949719404, 52.161907139741615), (-53.44080304194276, 52.18426381806269), (-53.62723758379866, 52.20682310811341), (-53.813873093185826, 52.229585003756426)]",True
1783881730.4553068,0,-49.77375482821812,51.805556510212185,0.7710592201963073,264.8595086239417,-0.46006626366086323,-42.678379847197306,50.574155444945745,0.6803878856820025,270.3819468994022,-0.4395222880146221,7.095374981020811,-1.2314010652664393,-0.09067133451430487,5.522438275460502,0.02054397564624111,"[(-50.66392391131648, 51.86826240151092), (-50.847263338495104, 51.88758581776432), (-51.03080422967225, 51.90711193842778), (-51.21454655567959, 51.926840757796896), (-51.39849028732036, 51.94677227013829), (-51.58263539536939, 51.966906469689675), (-51.7669818505731, 51.9872433506598), (-51.95152962364951, 52.00778290722852), (-52.136278685288225, 52.028525133546715), (-52.321229006150446, 52.04947002373635), (-52.50638055686899, 52.07061757189046), (-52.69173330804829, 52.09196777207316), (-52.8772872302644, 52.113520618319626), (-53.063042294064985, 52.135276104636105), (-53.24899846996933, 52.15723422499992), (-53.43515572846836, 52.17939497335947), (-53.621514040024636, 52.201758343634246), (-53.808073375072354, 52.22432432971479), (-53.99483370401735, 52.24709292546274), (-54.18179499723712, 52.270064124710814)]",False
1783881730.4769173,0,-49.83105721707181,51.85241457468351,1.061208498352213,264.8595086239417,-0.46006626366086323,-42.74688079972344,50.5684260217989,0.8364371554223489,270.3819468994022,-0.4395222880146221,7.084176417348367,-1.2839885528846082,-0.22477134292986412,5.522438275460502,0.02054397564624111,"[(-49.8692976296864, 51.8093845318046), (-49.966685979697736, 51.8222400709593), (-50.064304253875896, 51.83534037027294), (-50.16215243506832, 51.84868542459915), (-50.2602305060895, 51.862275228756296), (-50.35853844972094, 51.87610977752747), (-50.45707624871119, 51.89018906566049), (-50.55584388577584, 51.904513087867926), (-50.65484134359754, 51.919081838827054), (-50.75406860482595, 51.93389531317991), (-50.85352565207781, 51.94895350553325), (-50.953212467936915, 51.96425641045856), (-51.05312903495409, 51.97980402249209), (-51.15327533564723, 51.99559633613482), (-51.2536513525013, 52.011633345852445), (-51.35425706796833, 52.02791504607544), (-51.455092464467405, 52.044441431199004), (-51.55615752438469, 52.061212495583085), (-51.65745223007342, 52.07822823355237), (-51.7589765638539, 52.09548863939631), (-51.860730508013525, 52.11299370736908), (-51.96271404480677, 52.13074343168962), (-52.06492715645519, 52.14873780654163), (-52.167369825147425, 52.16697682607354), (-52.27004203303922, 52.18546048439854), (-52.372943762253406, 52.204188775594595), (-52.47607499487991, 52.223161693704405), (-52.579435712975766, 52.24237923273544), (-52.683025898565106, 52.26184138665992), (-52.78684553363916, 52.281548149414824), (-52.89089460015629, 52.301499514901906), (-52.995173080041944, 52.32169547698767), (-53.09968095518872, 52.34213602950339), (-53.204418207456285, 52.36282116624512), (-53.309384818671475, 52.38375088097364), (-53.41458077062823, 52.40492516741455), (-53.52000604508761, 52.426344019258174), (-53.62566062377783, 52.44800743015964), (-53.73154448839422, 52.469915393738845), (-53.83765762059925, 52.49206790358044), (-53.94400000202253, 52.51446495323387), (-54.05057161426082, 52.53710653621334), (-54.15737243887801, 52.55999264599785), (-54.264402457405154, 52.58312327603118), (-54.37166165134046, 52.60649841972187)]",False
1783881730.6915755,0,-49.974193388151676,51.955336649058886,1.3080292480663196,264.8595086239417,-0.46006626366086323,-42.87359102309869,50.58293215194921,0.9766360615941486,270.3819468994022,-0.4395222880146221,7.1006023650529855,-1.3724044971096774,-0.331393186472171,5.522438275460502,0.02054397564624111,"[(-49.8692976296864, 51.8093845318046), (-49.966685979697736, 51.8222400709593), (-50.064304253875896, 51.83534037027294), (-50.16215243506832, 51.84868542459915), (-50.2602305060895, 51.862275228756296), (-50.35853844972094, 51.87610977752747), (-50.45707624871119, 51.89018906566049), (-50.55584388577584, 51.904513087867926), (-50.65484134359754, 51.919081838827054), (-50.75406860482595, 51.93389531317991), (-50.85352565207781, 51.94895350553325), (-50.953212467936915, 51.96425641045856), (-51.05312903495409, 51.97980402249209), (-51.15327533564723, 51.99559633613482), (-51.2536513525013, 52.011633345852445), (-51.35425706796833, 52.02791504607544), (-51.455092464467405, 52.044441431199004), (-51.55615752438469, 52.061212495583085), (-51.65745223007342, 52.07822823355237), (-51.7589765638539, 52.09548863939631), (-51.860730508013525, 52.11299370736908), (-51.96271404480677, 52.13074343168962), (-52.06492715645519, 52.14873780654163), (-52.167369825147425, 52.16697682607354), (-52.27004203303922, 52.18546048439854), (-52.372943762253406, 52.204188775594595), (-52.47607499487991, 52.223161693704405), (-52.579435712975766, 52.24237923273544), (-52.683025898565106, 52.26184138665992), (-52.78684553363916, 52.281548149414824), (-52.89089460015629, 52.301499514901906), (-52.995173080041944, 52.32169547698767), (-53.09968095518872, 52.34213602950339), (-53.204418207456285, 52.36282116624512), (-53.309384818671475, 52.38375088097364), (-53.41458077062823, 52.40492516741455), (-53.52000604508761, 52.426344019258174), (-53.62566062377783, 52.44800743015964), (-53.73154448839422, 52.469915393738845), (-53.83765762059925, 52.49206790358044), (-53.94400000202253, 52.51446495323387), (-54.05057161426082, 52.53710653621334), (-54.15737243887801, 52.55999264599785), (-54.264402457405154, 52.58312327603118), (-54.37166165134046, 52.60649841972187)]",False
1783881730.723381,0,-49.99603550581046,51.97034355458018,1.341634245815946,265.9485291835737,-0.47662716086792045,-42.89255648205214,50.58813750705584,0.9899458263560904,270.3819468994022,-0.4395222880146221,7.103479023758318,-1.3822060475243418,-0.35168841945985563,4.433417715828455,0.03710487285329833,"[(-49.958423710774575, 51.902327283440655), (-50.035876883311, 51.91847856097664), (-50.11354386209203, 51.934892255248535), (-50.191424627708145, 51.951568358373635), (-50.26951916070698, 51.96850686241636), (-50.347827441593296, 51.985707759388276), (-50.42634945082906, 52.00317104124807), (-50.505085168833375, 52.020896699901584), (-50.584034575982535, 52.03888472720178), (-50.66319765261001, 52.05713511494879), (-50.742574379006435, 52.07564785488989), (-50.822164735419655, 52.09442293871948), (-50.90196870205469, 52.113460358079145), (-50.98198625907376, 52.1327601045576), (-51.062217386596295, 52.15232216969073), (-51.14266206469892, 52.17214654496158), (-51.22332027341547, 52.19223322180036), (-51.30419199273701, 52.21258219158443), (-51.38527720261181, 52.23319344563834), (-51.46657588294537, 52.2540669752338), (-51.54808801360041, 52.27520277158969), (-51.62981357439691, 52.296600825872076), (-51.71175254511207, 52.31826112919419), (-51.79390490548033, 52.34018367261647), (-51.8762706351934, 52.3623684471465), (-51.95884971390022, 52.384815443739086), (-52.041642121207005, 52.40752465329621), (-52.12464783667723, 52.43049606666703), (-52.207866839831624, 52.45372967464794), (-52.291299110148216, 52.4772254679825), (-52.3749446270623, 52.50098343736147), (-52.45880336996644, 52.52500357342283), (-52.54287531821051, 52.54928586675177), (-52.627160451101666, 52.57383030788067), (-52.711658747904366, 52.59863688728913), (-52.79637018784036, 52.62370559540397), (-52.88129475008872, 52.649036422599224), (-52.96643241378583, 52.67462935919614), (-53.05178315802539, 52.700484395463214), (-53.1373469618584, 52.72660152161614), (-53.223123804293216, 52.75298072781786), (-53.309113664295516, 52.77962200417853), (-53.39531652078832, 52.80652534075555), (-53.481732352651996, 52.833690727553574), (-53.568361138724235, 52.861118154524476)]",True
1783881730.7666974,0,-50.04157078858002,52.00094554558933,1.3997743225547534,265.9485291835737,-0.47662716086792045,-42.93074856114827,50.600253902049126,1.01297307814763,270.3819468994022,-0.4395222880146221,7.110822227431747,-1.4006916435402061,-0.3868012444071234,4.433417715828455,0.03710487285329833,"[(-50.048660083811036, 51.97984912499169), (-50.10819664809194, 51.99644222635211), (-50.16795436278871, 52.01333834703718), (-50.227933206323705, 52.03053747586098), (-50.28813315705717, 52.04803960155214), (-50.34855419328728, 52.065844712753815), (-50.40919629325015, 52.08395279802372), (-50.470059435119815, 52.102363845834105), (-50.53114359700827, 52.12107784457178), (-50.59244875696544, 52.14009478253812), (-50.65397489297922, 52.15941464794906), (-50.715721982975474, 52.17903742893512), (-50.77769000481803, 52.19896311354136), (-50.83987893630869, 52.21919168972747), (-50.90228875518728, 52.23972314536768), (-50.96491943913157, 52.26055746825084), (-51.02777096575738, 52.28169464608038), (-51.0908433126185, 52.30313466647436), (-51.154136457206775, 52.3248775169654), (-51.21765037695206, 52.34692318500078), (-51.28138504922224, 52.36927165794237), (-51.345340451323246, 52.391922923066666), (-51.409516560499064, 52.4148769675648), (-51.473913353931735, 52.43813377854253), (-51.538530808741356, 52.461693343020265), (-51.60336890198611, 52.48555564793305), (-51.66842761066224, 52.50972068013058), (-51.73370691170412, 52.53418842637721), (-51.79920678198416, 52.55895887335196), (-51.86492719831293, 52.5840320076485), (-51.93086813743908, 52.6094078157752), (-51.997029576049385, 52.63508628415508), (-52.06341149076876, 52.66106739912586), (-52.13001385816023, 52.68735114693995), (-52.196836654725, 52.713937513764456), (-52.26387985690239, 52.740826485681175), (-52.33114344106991, 52.76801804868661), (-52.39862738354322, 52.795512188692), (-52.46633166057617, 52.823308891523276), (-52.53425624836076, 52.8514081429211), (-52.60240112302722, 52.87980992854087), (-52.67076626064396, 52.908514233952715), (-52.7393516372176, 52.93752104464151), (-52.808157228693, 52.96683034600687), (-52.877183010953196, 52.996442123363174)]",True
1783881730.8148708,0,-50.08912575940421,52.03232863509216,1.4476201803565898,265.9485291835737,-0.47662716086792045,-42.96904968186856,50.61461473429447,1.0319231497090198,270.3819468994022,-0.4395222880146221,7.12007607753565,-1.4177139007976933,-0.41569703064757,4.433417715828455,0.03710487285329833,"[(-50.048660083811036, 51.97984912499169), (-50.10819664809194, 51.99644222635211), (-50.16795436278871, 52.01333834703718), (-50.227933206323705, 52.03053747586098), (-50.28813315705717, 52.04803960155214), (-50.34855419328728, 52.065844712753815), (-50.40919629325015, 52.08395279802372), (-50.470059435119815, 52.102363845834105), (-50.53114359700827, 52.12107784457178), (-50.59244875696544, 52.14009478253812), (-50.65397489297922, 52.15941464794906), (-50.715721982975474, 52.17903742893512), (-50.77769000481803, 52.19896311354136), (-50.83987893630869, 52.21919168972747), (-50.90228875518728, 52.23972314536768), (-50.96491943913157, 52.26055746825084), (-51.02777096575738, 52.28169464608038), (-51.0908433126185, 52.30313466647436), (-51.154136457206775, 52.3248775169654), (-51.21765037695206, 52.34692318500078), (-51.28138504922224, 52.36927165794237), (-51.345340451323246, 52.391922923066666), (-51.409516560499064, 52.4148769675648), (-51.473913353931735, 52.43813377854253), (-51.538530808741356, 52.461693343020265), (-51.60336890198611, 52.48555564793305), (-51.66842761066224, 52.50972068013058), (-51.73370691170412, 52.53418842637721), (-51.79920678198416, 52.55895887335196), (-51.86492719831293, 52.5840320076485), (-51.93086813743908, 52.6094078157752), (-51.997029576049385, 52.63508628415508), (-52.06341149076876, 52.66106739912586), (-52.13001385816023, 52.68735114693995), (-52.196836654725, 52.713937513764456), (-52.26387985690239, 52.740826485681175), (-52.33114344106991, 52.76801804868661), (-52.39862738354322, 52.795512188692), (-52.46633166057617, 52.823308891523276), (-52.53425624836076, 52.8514081429211), (-52.60240112302722, 52.87980992854087), (-52.67076626064396, 52.908514233952715), (-52.7393516372176, 52.93752104464151), (-52.808157228693, 52.96683034600687), (-52.877183010953196, 52.996442123363174)]",True
1783881730.8751442,0,-50.17641444694912,52.08832423554571,1.5118785782322002,265.9485291835737,-0.47662716086792045,-43.035506792161094,50.645178798033854,1.0573736546034336,270.3819468994022,-0.4395222880146221,7.140907654788023,-1.443145437511859,-0.4545049236287666,4.433417715828455,0.03710487285329833,"[(-50.05585146034452, 51.98684475901167), (-50.11188725619039, 52.00294394374789), (-50.168141774861624, 52.01934834864537), (-50.22461499552747, 52.036057962479816), (-50.28130689729477, 52.05307277393944), (-50.338217459207996, 52.07039277162501), (-50.395346660249224, 52.08801794404982), (-50.45269447933815, 52.105948279639726), (-50.51026089533208, 52.12418376673315), (-50.568045887025974, 52.14272439358104), (-50.626049433152424, 52.16157014834695), (-50.684271512381684, 52.18072101910697), (-50.74271210332165, 52.20017699384979), (-50.80137118451789, 52.21993806047666), (-50.86024873445364, 52.24000420680143), (-50.91934473154983, 52.260375420550545), (-50.978659154165044, 52.28105168936303), (-51.03819198059559, 52.30203300079054), (-51.09794318907547, 52.323319342297296), (-51.1579127577764, 52.34491070126018), (-51.21810066480779, 52.36680706496866), (-51.27850688821681, 52.38900842062484), (-51.33913140598834, 52.41151475534345), (-51.399974196045, 52.43432605615185), (-51.46103523624717, 52.45744230999007), (-51.52231450439297, 52.48086350371075), (-51.58381197821831, 52.5045896240792), (-51.645527635396824, 52.52862065777339), (-51.70746145353997, 52.55295659138394), (-51.769613410196975, 52.57759741141415), (-51.83198348285485, 52.60254310428001), (-51.89457164893843, 52.62779365631015), (-51.957377885810345, 52.653349053745934), (-52.02040217077104, 52.679209282741375), (-52.0836444810588, 52.70537432936322), (-52.14710479384972, 52.731844179590894), (-52.21078308625776, 52.75861881931655), (-52.274679335334724, 52.785698234345055), (-52.33879351807026, 52.81308241039399), (-52.40312561139189, 52.84077133309366), (-52.467675592165016, 52.86876498798712), (-52.53244343719291, 52.897063360530154), (-52.597429123216735, 52.92566643609129), (-52.662632626915546, 52.95457419995182), (-52.72805392490632, 52.98378663730578)]",True
1783881730.9991643,0,-50.21511139934512,52.11260881107562,1.5333790541620402,265.9485291835737,-0.47662716086792045,-43.063609517444014,50.66016989344915,1.065889241452391,270.3819468994022,-0.4395222880146221,7.151501881901105,-1.4524389176264663,-0.4674898127096492,4.433417715828455,0.03710487285329833,"[(-50.22096179307855, 52.09835397095666), (-50.28055639359292, 52.119739177056154), (-50.34033187373378, 52.1413710687486), (-50.40028822059234, 52.16324963855713), (-50.46042542122939, 52.185374878963295), (-50.52074346267537, 52.20774678240703), (-50.58124233193031, 52.23036534128667), (-50.64192201596388, 52.253230547958985), (-50.702782501715355, 52.27634239473911), (-50.76382377609365, 52.299700873900626), (-50.82504582597731, 52.323305977675496), (-50.88644863821451, 52.34715769825411), (-50.948032199623036, 52.371256027785265), (-51.00979649699034, 52.395600958376185), (-51.07174151707351, 52.42019248209252), (-51.133867246599266, 52.44503059095831), (-51.19617367226398, 52.470115276956044), (-51.25866078073367, 52.495446532026634), (-51.321328558644005, 52.521024348069396), (-51.384176992600295, 52.5468487169421), (-51.447206069177525, 52.57291963046094), (-51.510415774920325, 52.59923708040053), (-51.573806096343, 52.625801058493934), (-51.63737701992951, 52.65261155643265), (-51.70112853213348, 52.679668565866606), (-51.76506061937821, 52.70697207840418), (-51.82917326805667, 52.734522085612184), (-51.8934664645315, 52.76231857901588), (-51.95794019513503, 52.790361550098986), (-52.022594446169265, 52.81865099030366), (-52.087429203905884, 52.8471868910305), (-52.152444454586266, 52.87596924363858), (-52.21764018442148, 52.90499803944541), (-52.28301637959227, 52.93427326972697), (-52.3485730262491, 52.9637949257177), (-52.414310110512105, 52.993562998610486), (-52.48022761847114, 53.0235774795567), (-52.546325536185755, 53.05383835966616), (-52.6126038496852, 53.084345630007164), (-52.67906254496845, 53.11509928160648), (-52.74570160800418, 53.14609930544935), (-52.812521024730785, 53.17734569247946), (-52.87952078105638, 53.208838433599034), (-52.94670086285878, 53.240577519668726), (-53.014061255985546, 53.27256294150768)]",True
1783881731.0177214,0,-50.375284973583575,52.21100068840226,1.5938581140353314,265.9485291835737,-0.47662716086792045,-43.18152759815291,50.73284020162516,1.3603360958227384,270.3819468994022,-0.4395222880146221,7.193757375430664,-1.4781604867770994,-0.233522018212593,4.433417715828455,0.03710487285329833,"[(-50.32701444015512, 52.16770395074331), (-50.38616390393605, 52.19128570639236), (-50.445527788481044, 52.2151628139047), (-50.505106073568406, 52.239335260870796), (-50.564898738919645, 52.26380303480255), (-50.6249057641995, 52.28856612313335), (-50.68512712901594, 52.31362451321806), (-50.74556281292017, 52.338978192333), (-50.80621279540664, 52.364627147675996), (-50.867077055913036, 52.39057136636635), (-50.92815557382033, 52.41681083544486), (-50.98944832845272, 52.44334554187383), (-51.05095529907769, 52.47017547253706), (-51.11267646490601, 52.497300614239855), (-51.174611805091715, 52.52472095370904), (-51.23676129873213, 52.55243647759296), (-51.29912492486789, 52.58044717246149), (-51.36170266248292, 52.60875302480601), (-51.42449449050446, 52.63735402103947), (-51.48750038780306, 52.666250147496335), (-51.55072033319261, 52.69544139043262), (-51.614154305430304, 52.72492773602589), (-51.67780228321669, 52.754709170375264), (-51.741664245195665, 52.78478567950143), (-51.805740169954454, 52.81515724934663), (-51.87003003602366, 52.8458238657747), (-51.93453382187724, 52.87678551457102), (-51.99925150593252, 52.908042181442575), (-52.06418306655022, 52.93959385201794), (-52.129328482034424, 52.97144051184728), (-52.194687730632616, 53.003582146402344), (-52.26026079053568, 53.0360187410765), (-52.32604763987791, 53.06875028118472), (-52.392048256737006, 53.1017767519636), (-52.45826261913408, 53.13509813857134), (-52.5246907050337, 53.16871442608778), (-52.59133249234384, 53.2026255995144), (-52.65818795891591, 53.23683164377429), (-52.7252570825448, 53.2713325437122), (-52.79253984096882, 53.30612828409453), (-52.86003621186977, 53.34121884960933), (-52.927746172872894, 53.376604224866306), (-52.995669701546944, 53.412284394396856), (-53.063806775404124, 53.44825934265402), (-53.13215737190014, 53.48452905401251)]",True
1783881731.0709145,0,-50.42998794830379,52.244282807414834,1.607339706193105,265.9485291835737,-0.47662716086792045,-43.24249269042315,50.773925502973135,1.5721293856173202,270.3819468994022,-0.4395222880146221,7.1874952578806415,-1.4703573044416984,-0.03521032057578477,4.433417715828455,0.03710487285329833,"[(-50.39727477788687, 52.21549093541714), (-50.443866234751304, 52.23579807321301), (-50.49067320395497, 52.256417291856266), (-50.537695666646975, 52.27734857828419), (-50.584933603911765, 52.29859191934018), (-50.63238699676918, 52.32014730177372), (-50.68005582617444, 52.342014712240406), (-50.727940073018154, 52.36419413730194), (-50.776039718126334, 52.38668556342614), (-50.82435474226039, 52.40948897698696), (-50.872885126117154, 52.432604364264456), (-50.92163085032887, 52.456031711444844), (-50.9705918954632, 52.47977100462047), (-51.01976824202326, 52.50382222978983), (-51.06915987044759, 52.528185372857585), (-51.118766761110194, 52.55286041963454), (-51.168588894320514, 52.577847355837676), (-51.218626250323474, 52.60314616709014), (-51.26887880929945, 52.62875683892126), (-51.31934655136431, 52.65467935676656), (-51.3700294565694, 52.68091370596774), (-51.42092750490156, 52.70745987177272), (-51.472040676283136, 52.73431783933561), (-51.52336895057198, 52.76148759371673), (-51.57491230756145, 52.78896911988262), (-51.626670726980436, 52.81676240270606), (-51.67864418849336, 52.84486742696605), (-51.73083267170018, 52.87328417734782), (-51.78323615613639, 52.90201263844286), (-51.83585462127304, 52.93105279474891), (-51.88868804651676, 52.960404630669956), (-51.941736411209725, 52.990068130516256), (-51.99499969462969, 53.020043278504346), (-52.04847787599, 53.050330058757034), (-52.1021709344396, 53.08092845530342), (-52.156078849063015, 53.11183845207889), (-52.21020159888038, 53.14306003292513), (-52.26453916284746, 53.17459318159013), (-52.31909151985563, 53.206437881728206), (-52.37385864873189, 53.23859411689998), (-52.428840528238894, 53.27106187057242), (-52.48403713707492, 53.3038411261188), (-52.53944845387392, 53.336931866818745), (-52.595074457205506, 53.370334075858246), (-52.65091512557494, 53.404047736329645)]",True
1783881731.1205106,0,-50.49914895245482,52.28590191360118,1.6208862110523674,265.9485291835737,-0.47662716086792045,-43.29659912255054,50.81117149457806,1.7080877086803157,270.3819468994022,-0.4395222880146221,7.202549829904278,-1.4747304190231176,0.08720149762794827,4.433417715828455,0.03710487285329833,"[(-50.480570499807804, 52.26977520331222), (-50.51687113237169, 52.28722704138078), (-50.55338366074877, 52.30499495912579), (-50.59010806889678, 52.32307894400292), (-50.62704434070808, 52.34147898337007), (-50.664192460009666, 52.360195064487336), (-50.70155241056314, 52.379227174517055), (-50.73912417606476, 52.3985753005238), (-50.77690774014544, 52.41823942947439), (-50.81490308637072, 52.43821954823788), (-50.85311019824082, 52.45851564358559), (-50.89152905919062, 52.47912770219109), (-50.93015965258966, 52.50005571063023), (-50.96900196174217, 52.521299655381114), (-51.008055969887074, 52.54285952282414), (-51.047321660197966, 52.56473529924198), (-51.08679901578315, 52.58692697081962), (-51.12648801968563, 52.60943452364431), (-51.166388654883136, 52.63225794370564), (-51.20650090428809, 52.65539721689549), (-51.24682475074767, 52.67885232900805), (-51.28736017704376, 52.70262326573987), (-51.328107165892995, 52.726710012689786), (-51.36906569994675, 52.75111255535901), (-51.41023576179117, 52.77583087915107), (-51.451617333947134, 52.80086496937187), (-51.493210398870296, 52.82621481122966), (-51.53501493895109, 52.851880389835046), (-51.57703093651473, 52.877861690201016), (-51.619258373821204, 52.904158697242934), (-51.661697233065304, 52.93077139577855), (-51.70434749637663, 52.95769977052801), (-51.74720914581956, 52.98494380611384), (-51.79028216339333, 53.012503487061), (-51.83356653103196, 53.04037879779684), (-51.87706223060432, 53.06856972265114), (-51.9207692439141, 53.097076245856115), (-51.96468755269986, 53.12589835154639), (-52.008817138634974, 53.15503602375905), (-52.05315798332771, 53.18448924643363), (-52.09771006832117, 53.214258003412105), (-52.142473375093346, 53.24434227843892), (-52.18744788505711, 53.274742055161), (-52.23263357956021, 53.305457317127726), (-52.27803043988528, 53.33648804779097)]",True
1783881731.1642385,0,-50.65510311538244,52.37479816550738,1.6412612578241477,265.9485291835737,-0.47662716086792045,-43.46393533232995,50.927114625985254,1.970239179147114,270.3819468994022,-0.4395222880146221,7.191167783052485,-1.4476835395221244,0.32897792132296644,4.433417715828455,0.03710487285329833,"[(-50.493905596989286, 52.27835880043227), (-50.52877050954434, 52.295374585435304), (-50.56384623673637, 52.31270626319881), (-50.59913276301086, 52.33035382133026), (-50.634630072748294, 52.3483172473395), (-50.670338150264215, 52.366596528638794), (-50.7062569798092, 52.38519165254283), (-50.74238654556887, 52.40410260626869), (-50.77872683166392, 52.4233293769359), (-50.81527782215009, 52.44287195156642), (-50.85203950101819, 52.46273031708464), (-50.889011852194116, 52.482904460317414), (-50.92619485953884, 52.503394367994005), (-50.96358850684841, 52.52420002674617), (-51.00119277785399, 52.54532142310812), (-51.03900765622183, 52.56675854351653), (-51.07703312555329, 52.58851137431055), (-51.11526916938485, 52.61057990173182), (-51.15371577118811, 52.632964111924466), (-51.192372914369784, 52.6556639909351), (-51.23124058227174, 52.678679524712855), (-51.27031875817096, 52.702010699109344), (-51.309607425279594, 52.72565749987872), (-51.34910656674494, 52.74961991267765), (-51.38881616564946, 52.773897923065334), (-51.42873620501077, 52.79849151650349), (-51.468866667781676, 52.82340067835639), (-51.50920753685015, 52.848625393890856), (-51.54975879503935, 52.874165648276254), (-51.590520425107655, 52.90002142658452), (-51.63149240974861, 52.926192713790165), (-51.67267473159098, 52.95267949477025), (-51.71406737319875, 52.97948175430444), (-51.75567031707112, 53.00659947707498), (-51.79748354564253, 53.03403264766671), (-51.83950704128263, 53.061781250567094), (-51.881740786296334, 53.089845270166165), (-51.924184762923794, 53.11822469075661), (-51.966838953340414, 53.14691949653372), (-52.00970333965687, 53.175929671595426), (-52.05277790391912, 53.205255199942286), (-52.09606262810836, 53.234896065477514), (-52.13955749414111, 53.26485225200697), (-52.18326248386914, 53.29512374323917), (-52.227177579079566, 53.32571052278531)]",True
1783881731.4336138,0,-50.80019913288085,52.4527730576032,1.6523440933205986,265.9485291835737,-0.47662716086792045,-43.63178883872383,51.043383363929834,2.0063932783261484,270.3819468994022,-0.4395222880146221,7.16841029415702,-1.4093896936733685,0.3540491850055498,4.433417715828455,0.03710487285329833,"[(-50.493905596989286, 52.27835880043227), (-50.52877050954434, 52.295374585435304), (-50.56384623673637, 52.31270626319881), (-50.59913276301086, 52.33035382133026), (-50.634630072748294, 52.3483172473395), (-50.670338150264215, 52.366596528638794), (-50.7062569798092, 52.38519165254283), (-50.74238654556887, 52.40410260626869), (-50.77872683166392, 52.4233293769359), (-50.81527782215009, 52.44287195156642), (-50.85203950101819, 52.46273031708464), (-50.889011852194116, 52.482904460317414), (-50.92619485953884, 52.503394367994005), (-50.96358850684841, 52.52420002674617), (-51.00119277785399, 52.54532142310812), (-51.03900765622183, 52.56675854351653), (-51.07703312555329, 52.58851137431055), (-51.11526916938485, 52.61057990173182), (-51.15371577118811, 52.632964111924466), (-51.192372914369784, 52.6556639909351), (-51.23124058227174, 52.678679524712855), (-51.27031875817096, 52.702010699109344), (-51.309607425279594, 52.72565749987872), (-51.34910656674494, 52.74961991267765), (-51.38881616564946, 52.773897923065334), (-51.42873620501077, 52.79849151650349), (-51.468866667781676, 52.82340067835639), (-51.50920753685015, 52.848625393890856), (-51.54975879503935, 52.874165648276254), (-51.590520425107655, 52.90002142658452), (-51.63149240974861, 52.926192713790165), (-51.67267473159098, 52.95267949477025), (-51.71406737319875, 52.97948175430444), (-51.75567031707112, 53.00659947707498), (-51.79748354564253, 53.03403264766671), (-51.83950704128263, 53.061781250567094), (-51.881740786296334, 53.089845270166165), (-51.924184762923794, 53.11822469075661), (-51.966838953340414, 53.14691949653372), (-52.00970333965687, 53.175929671595426), (-52.05277790391912, 53.205255199942286), (-52.09606262810836, 53.234896065477514), (-52.13955749414111, 53.26485225200697), (-52.18326248386914, 53.29512374323917), (-52.227177579079566, 53.32571052278531)]",True
1783881731.4771674,0,-50.82953929306573,52.46801591276536,1.6539832460124502,265.9485291835737,-0.47662716086792045,-43.66382819769877,51.0642319798459,1.8161932783261485,270.3819468994022,-0.4395222880146221,7.165711095366959,-1.4037839329194597,0.16221003231369835,4.433417715828455,0.03710487285329833,"[(-50.727079591789035, 52.41308554490709), (-50.76759249135286, 52.43439708075212), (-50.808297604050125, 52.45599264635843), (-50.84919491630825, 52.47787223101128), (-50.89028441450835, 52.50003582392733), (-50.93156608498525, 52.522483414254594), (-50.973039914027446, 52.545214991072534), (-51.01470588787716, 52.568230543391984), (-51.05656399273034, 52.59153006015519), (-51.09861421473661, 52.61511353023583), (-51.14085653999934, 52.63898094243898), (-51.18329095457562, 52.66313228550112), (-51.225917444476266, 52.68756754809019), (-51.26873599566582, 52.71228671880554), (-51.311746594062576, 52.73728978617793), (-51.35494922553855, 52.7625767386696), (-51.39834387591951, 52.7881475646742), (-51.441930530984976, 52.814002252516815), (-51.48570917646822, 52.840140790454), (-51.52967979805627, 52.866563166673764), (-51.57384238138992, 52.89326936929555), (-51.61819691206373, 52.92025938637029), (-51.66274337562602, 52.947533205880355), (-51.707481757578904, 52.975090815739605), (-51.75241204337826, 53.00293220379336), (-51.797534218433746, 53.03105735781841), (-51.84284826810883, 53.059466265523064), (-51.888354177720764, 53.08815891454708), (-51.934051932540584, 53.11713529246171), (-51.979941517793144, 53.146395386769726), (-52.02602291865709, 53.175939184905374), (-52.07229612026491, 53.20576667423442), (-52.118761107702866, 53.23587784205412), (-52.16541786601106, 53.26627267559327), (-52.21226638018343, 53.29695116201215), (-52.25930663516771, 53.327913288402584), (-52.306538615865506, 53.35915904178791), (-52.353962307132235, 53.390688409123015), (-52.40157769377716, 53.422501377294296), (-52.44938476056341, 53.4545979331197), (-52.497383492207945, 53.486978063348715), (-52.545573873381585, 53.51964175466238), (-52.59395588870901, 53.5525889936733), (-52.64252952276878, 53.5858197669256), (-52.69129476009332, 53.619334060895014)]",True
1783881731.5161343,0,-50.858978189645875,52.48313569957414,1.6554702214116408,265.9485291835737,-0.47662716086792045,-43.69307233146024,51.08238588119106,1.6259932783261486,270.3819468994022,-0.4395222880146221,7.165905858185631,-1.4007498183830833,-0.029476943085492202,4.433417715828455,0.03710487285329833,"[(-50.75176548874036, 52.42691777563197), (-50.78893860639041, 52.44679126581891), (-50.82631821349221, 52.46697267457153), (-50.86390429464766, 52.48746198934332), (-50.9016968343985, 52.50825919749786), (-50.93969581722635, 52.52936428630879), (-50.97790122755269, 52.55077724295988), (-51.01631304973888, 52.57249805454499), (-51.05493126808616, 52.594526708068074), (-51.09375586683563, 52.61686319044322), (-51.13278683016831, 52.63950748849462), (-51.1720241422051, 52.662459588956615), (-51.21146778700683, 52.68571947847365), (-51.2511177485742, 52.70928714360032), (-51.290974010847854, 52.73316257080136), (-51.331036557708345, 52.75734574645166), (-51.37130537297616, 52.78183665683626), (-51.41178044041172, 52.80663528815036), (-51.45246174371537, 52.83174162649932), (-51.49334926652741, 52.857155657898694), (-51.534442992428104, 52.882877368274194), (-51.57574290493765, 52.90890674346173), (-51.61724898751623, 52.93524376920738), (-51.65896122356397, 52.96188843116746), (-51.70087959642101, 52.98884071490845), (-51.74300408936744, 53.016100605907056), (-51.78533468562335, 53.043668089550195), (-51.827871368348816, 53.07154315113501), (-51.870614120643936, 53.099725775868876), (-51.91356292554879, 53.128215948869396), (-51.95671776604348, 53.15701365516441), (-52.00007862504814, 53.18611887969202), (-52.04364548542291, 53.21553160730055), (-52.087418329967974, 53.245251822748614), (-52.131397141423555, 53.27527951070509), (-52.17558190246991, 53.30561465574911), (-52.21997259572735, 53.336257242370095), (-52.26456920375626, 53.36720725496776), (-52.30937170905707, 53.3984646778521), (-52.35438009407028, 53.4300294952434), (-52.39959434117648, 53.46190169127229), (-52.44501443269634, 53.49408124997965), (-52.49064035089061, 53.526568155316724), (-52.53647207796014, 53.559362391145065), (-52.582509596045895, 53.592463941236566)]",True
1783881731.5711305,0,-50.903300842081705,52.505608503349436,1.657445895000954,265.9485291835737,-0.47662716086792045,-43.736709590194046,51.107332515653596,1.7230799758942024,270.3819468994022,-0.4395222880146221,7.1665912518876596,-1.3982759876958397,0.06563408089324829,4.433417715828455,0.03710487285329833,"[(-50.77638501196074, 52.440541492518065), (-50.80850357995303, 52.458059512415225), (-50.840831198327045, 52.47589254208189), (-50.87336785249577, 52.494040569047144), (-50.90611352780814, 52.51250358074335), (-50.93906820954904, 52.531281564506145), (-50.97223188293934, 52.55037450757444), (-51.00560453313585, 52.569782397090435), (-51.03918614523137, 52.589505220099646), (-51.07297670425467, 52.60954296355087), (-51.10697619517051, 52.62989561429623), (-51.14118460287964, 52.65056315909115), (-51.17560191221881, 52.67154558459438), (-51.21022810796078, 52.69284287736798), (-51.24506317481431, 52.71445502387737), (-51.28010709742418, 52.73638201049129), (-51.31535986037119, 52.75862382348185), (-51.35082144817216, 52.78118044902448), (-51.38649184527998, 52.80405187319799), (-51.42237103608353, 52.82723808198455), (-51.45845900490778, 52.850739061269685), (-51.49475573601373, 52.874554796842325), (-51.531261213598434, 52.89868527439477), (-51.56797542179503, 52.92313047952272), (-51.604898344672726, 52.94789039772525), (-51.6420299662368, 52.97296501440487), (-51.67937027042861, 52.99835431486748), (-51.71691924112563, 53.02405828432239), (-51.7546768621414, 53.050076907882364), (-51.792643117225595, 53.07641017056357), (-51.83081799006396, 53.10305805728562), (-51.869201464278405, 53.13002055287159), (-51.90779352342692, 53.15729764204798), (-51.94659415100365, 53.18488930944475), (-51.98560333043887, 53.21279553959534), (-52.024821045099, 53.24101631693666), (-52.0642472782866, 53.269551625809086), (-52.103882013240394, 53.298401450456495), (-52.14372523313527, 53.327565775026244), (-52.183776921082284, 53.3570445835692), (-52.22403706012866, 53.386837860039726), (-52.26450563325781, 53.416945588295704), (-52.30518262338934, 53.447367752098536), (-52.346068013379046, 53.47810433511316), (-52.387161786018915, 53.509155320908036)]",True
1783881731.617196,0,-50.932432091290046,52.5204242745211,1.5629428406530341,265.9485291835737,-0.47662716086792045,-43.76531707277199,51.12288025077677,1.5328799758942024,270.3819468994022,-0.4395222880146221,7.167115018518054,-1.3975440237443308,-0.030062864758831687,4.433417715828455,0.03710487285329833,"[(-50.81749717249622, 52.46251144633504), (-50.848328154689156, 52.47950564868742), (-50.879368880267485, 52.496816336187045), (-50.91061933490156, 52.51444349639757), (-50.9420795041968, 52.532387116784456), (-50.97374937369371, 52.550647184715025), (-51.00562892886787, 52.569223687458404), (-51.03771815512997, 52.58811661218557), (-51.070017037825785, 52.60732594596937), (-51.10252556223618, 52.62685167578447), (-51.13524371357715, 52.64669378850741), (-51.16817147699978, 52.666852270916614), (-51.201308837590304, 52.68732710969234), (-51.23465578037006, 52.708118291416746), (-51.26821229029554, 52.72922580257388), (-51.30197835225834, 52.75064962954967), (-51.33595395108524, 52.772389758631945), (-51.37013907153815, 52.79444617601045), (-51.40453369831414, 52.816818867776824), (-51.439137816045445, 52.83950781992462), (-51.473951409299474, 52.86251301834933), (-51.508974462578806, 52.88583444884837), (-51.544206960321205, 52.90947209712109), (-51.57964888689962, 52.93342594876878), (-51.6153002266222, 52.95769598929469), (-51.6511609637323, 52.98228220410403), (-51.687231082408466, 53.00718457850395), (-51.72351056676447, 53.0324030977036), (-51.759999400849296, 53.057937746814076), (-51.79669756864717, 53.083788510848485), (-51.83360505407754, 53.10995537472191), (-51.870721840995095, 53.13643832325145), (-51.908047913189776, 53.16323734115617), (-51.94558325438677, 53.19035241305719), (-51.98332784824652, 53.21778352347762), (-52.02128167836474, 53.24553065684261), (-52.0594447282724, 53.27359379747933), (-52.09781698143579, 53.301972929616994), (-52.13639842125645, 53.330668037386864), (-52.17518903107121, 53.35967910482226), (-52.21418879415223, 53.389006115858564), (-52.25339769370694, 53.418649054333216), (-52.292815712878095, 53.448607903985724), (-52.33244283474377, 53.478882648457706), (-52.372279042317366, 53.50947327129284)]",True
1783881731.7720728,0,-50.95859800601698,52.533734623517375,1.3727428406530342,265.9485291835737,-0.47662716086792045,-43.79157901737727,51.13672961898072,1.4964628490387126,270.3819468994022,-0.4395222880146221,7.167018988639704,-1.397005004536652,0.12372000838567843,4.433417715828455,0.03710487285329833,"[(-50.83018517571357, 52.46928670714974), (-50.85802656723533, 52.48483328350982), (-50.88607641193617, 52.50069637352215), (-50.91433469644528, 52.516875965199866), (-50.94280140732728, 52.53337204645789), (-50.97147653108226, 52.55018460511295), (-51.000360054145766, 52.56731362888361), (-51.02945196288881, 52.584759105390226), (-51.05875224361787, 52.602521022154974), (-51.088260882574914, 52.62059936660188), (-51.117977865937384, 52.638994126056794), (-51.14790317981822, 52.65770528774741), (-51.17803681026586, 52.67673283880327), (-51.20837874326422, 52.696076766255764), (-51.23892896473274, 52.715737057038154), (-51.26968746052639, 52.73571369798557), (-51.300654216435625, 52.75600667583498), (-51.331829218186435, 52.77661597722528), (-51.36321245144036, 52.79754158869723), (-51.39480390179445, 52.81878349669348), (-51.426603554781295, 52.84034168755857), (-51.45861139586907, 52.86221614753897), (-51.49082741046146, 52.88440686278304), (-51.523251583897746, 52.90691381934106), (-51.555883901452745, 52.929737003165236), (-51.58872434833686, 52.952876400109716), (-51.62177290969607, 52.97633199593057), (-51.655029570611944, 53.000103776285826), (-51.68849431610163, 53.024191726735445), (-51.722167131117885, 53.04859583274136), (-51.75604800054904, 53.073316079667464), (-51.790136909219086, 53.09835245277961), (-51.824433841887576, 53.12370493724565), (-51.85893878324971, 53.1493735181354), (-51.89365171793632, 53.17535818042068), (-51.92857263051385, 53.201658908975304), (-51.963701505484394, 53.22827568857509), (-51.999038327285696, 53.25520850389787), (-52.034583080291156, 53.28245733952349), (-52.07033574880982, 53.310022179933824), (-52.10629631708639, 53.337903009512786), (-52.14246476930127, 53.36609981254632), (-52.17884108957052, 53.39461257322242), (-52.21542526194588, 53.423441275631134), (-52.252217270414796, 53.45258590376458)]",True
1783881731.8168774,0,-51.02870508813393,52.566915949405704,0.9347007254606132,265.9485291835737,-0.47662716086792045,-43.88179750138766,51.181730205232874,1.2783749144865493,270.3819468994022,-0.4395222880146221,7.1469075867462735,-1.38518574417283,0.34367418902593605,4.433417715828455,0.03710487285329833,"[(-50.969136528043066, 52.54265735475575), (-50.99454568090003, 52.5573640931813), (-51.020142814952536, 52.57235615778653), (-51.0459279180117, 52.587633537520816), (-51.07190097783021, 52.60319622124469), (-51.09806198210235, 52.61904419772985), (-51.124410918464, 52.635177455659175), (-51.15094777449262, 52.65159598362671), (-51.17767253770728, 52.6682997701377), (-51.204585195568654, 52.68528880360854), (-51.231685735479026, 52.70256307236685), (-51.25897414478231, 52.72012256465144), (-51.28645041076401, 52.73796726861232), (-51.314114520651295, 52.75609717231071), (-51.34196646161294, 52.774512263719046), (-51.37000622075938, 52.793212530720986), (-51.398233785142665, 52.81219796111142), (-51.42664914175651, 52.83146854259646), (-51.455252277536296, 52.851024262793466), (-51.484043179359034, 52.87086510923104)]",True
1783881731.8676085,0,-51.0370751677536,52.570779859563075,0.9090806497453653,265.9485291835737,-0.47662716086792045,-43.893298266658284,51.186957491008975,1.248252006658152,270.3819468994022,-0.4395222880146221,7.143776901095315,-1.3838223685540996,0.33917135691278666,4.433417715828455,0.03710487285329833,"[(-50.98094899916615, 52.546539699888406), (-51.0027289324337, 52.55915188472245), (-51.024706041974625, 52.57206578304036), (-51.046880317514244, 52.58528138490656), (-51.06925174872298, 52.598798680301414), (-51.091820325216396, 52.612617659121234), (-51.11458603655524, 52.626738311178265), (-51.13754887224536, 52.64116062620069), (-51.1607088217378, 52.655884593832646), (-51.18406587442875, 52.67091020363422), (-51.207620019659544, 52.68623744508147), (-51.23137124671671, 52.70186630756639), (-51.25531954483195, 52.717796780396974), (-51.27946490318212, 52.73402885279716), (-51.30380731088927, 52.75056251390688), (-51.328346757020626, 52.76739775278204), (-51.35308323058861, 52.78453455839453), (-51.37801672055084, 52.80197291963225), (-51.403147215810115, 52.81971282529907), (-51.428474705214455, 52.83775426411488), (-51.45399917755707, 52.85609722471557), (-51.47972062157639, 52.87474169565304), (-51.50563902595605, 52.89368766539521), (-51.53175437932491, 52.91293512232601), (-51.55806667025704, 52.93248405474541), (-51.58457588727177, 52.9523344508694), (-51.61128201883361, 52.97248629883002), (-51.63818505335236, 52.99293958667534), (-51.66528497918301, 53.01369430236947), (-51.69258178462584, 53.03475043379259), (-51.720075457926335, 53.05610796874092), (-51.74776598727528, 53.07776689492675), (-51.775653360808676, 53.09972719997843), (-51.803737566607815, 53.1219888714404), (-51.832018592699235, 53.14455189677315), (-51.86049642705476, 53.16741626335328), (-51.88917105759149, 53.19058195847345), (-51.91804247217179, 53.214048969342436), (-51.94711065860332, 53.23781728308511), (-51.97637560463904, 53.261886886742424), (-52.00583729797718, 53.28625776727147), (-52.03549572626129, 53.31092991154545), (-52.065350877080206, 53.335903306353664), (-52.09540273796809, 53.36117793840156), (-52.12565129640439, 53.38675379431071)]",True
1783881731.9418237,0,-51.05321883652459,52.57824550309411,0.871532480634112,265.9485291835737,-0.47662716086792045,-43.915820816769916,51.196599819017145,1.2041045946897242,270.3819468994022,-0.4395222880146221,7.137398019754677,-1.3816456840769646,0.33257211405561216,4.433417715828455,0.03710487285329833,"[(-51.00273116608232, 52.55721332449339), (-51.02330362987248, 52.569226336807816), (-51.04407993649063, 52.581552022696016), (-51.06506007517041, 52.594190371561695), (-51.08624403508397, 52.60714137271409), (-51.10763180534199, 52.620405015368), (-51.12922337499366, 52.63398128864379), (-51.15101873302668, 52.64787018156738), (-51.1730178683673, 52.662071683070266), (-51.1952207698803, 52.67658578198953), (-51.21762742636899, 52.69141246706782), (-51.24023782657523, 52.706551726953386), (-51.26305195917942, 52.72200355020006), (-51.28606981280053, 52.73776792526726), (-51.30929137599606, 52.75384484052005), (-51.332716637262095, 52.77023428422906), (-51.35634558503328, 52.786936244570555), (-51.38017820768284, 52.80395070962643), (-51.404214493522566, 52.82127766738417), (-51.42845443080282, 52.83891710573695), (-51.452898007712584, 52.85686901248352), (-51.4775452123794, 52.875133375328325), (-51.50239603286942, 52.89371018188143), (-51.5274504571874, 52.91259941965857), (-51.552708473276695, 52.93180107608113), (-51.57817006901928, 52.951315138476176), (-51.60383523223573, 52.97114159407643), (-51.62970395068527, 52.991280430020296), (-51.65577621206572, 53.01173163335188), (-51.68205200401354, 53.03249519102096), (-51.70853131410385, 53.05357108988303), (-51.73521412985039, 53.074959316699264), (-51.76210043870555, 53.09665985813656), (-51.78919022806038, 53.118672700767526), (-51.81648348524457, 53.1409978310705), (-51.843980197526484, 53.16363523542953), (-51.87168035211316, 53.18658490013442), (-51.89958393615029, 53.209846811380686), (-51.92769093672228, 53.23342095526962), (-51.956001340852175, 53.25730731780825), (-51.98451513550173, 53.28150588490936), (-52.0132323075714, 53.30601664239151), (-52.04215284390033, 53.33083957597903), (-52.07127673126638, 53.35597467130201), (-52.1006039563861, 53.38142191389635)]",True
1783881731.9696298,0,-51.083878140701636,52.59280249177448,0.8307619931848755,265.9485291835737,-0.47662716086792045,-43.95980411298774,51.2133798651036,1.1561685288793777,270.3819468994022,-0.4395222880146221,7.124074027713895,-1.3794226266708804,0.3254065356945022,4.433417715828455,0.03710487285329833,"[(-51.00273116608232, 52.55721332449339), (-51.02330362987248, 52.569226336807816), (-51.04407993649063, 52.581552022696016), (-51.06506007517041, 52.594190371561695), (-51.08624403508397, 52.60714137271409), (-51.10763180534199, 52.620405015368), (-51.12922337499366, 52.63398128864379), (-51.15101873302668, 52.64787018156738), (-51.1730178683673, 52.662071683070266), (-51.1952207698803, 52.67658578198953), (-51.21762742636899, 52.69141246706782), (-51.24023782657523, 52.706551726953386), (-51.26305195917942, 52.72200355020006), (-51.28606981280053, 52.73776792526726), (-51.30929137599606, 52.75384484052005), (-51.332716637262095, 52.77023428422906), (-51.35634558503328, 52.786936244570555), (-51.38017820768284, 52.80395070962643), (-51.404214493522566, 52.82127766738417), (-51.42845443080282, 52.83891710573695), (-51.452898007712584, 52.85686901248352), (-51.4775452123794, 52.875133375328325), (-51.50239603286942, 52.89371018188143), (-51.5274504571874, 52.91259941965857), (-51.552708473276695, 52.93180107608113), (-51.57817006901928, 52.951315138476176), (-51.60383523223573, 52.97114159407643), (-51.62970395068527, 52.991280430020296), (-51.65577621206572, 53.01173163335188), (-51.68205200401354, 53.03249519102096), (-51.70853131410385, 53.05357108988303), (-51.73521412985039, 53.074959316699264), (-51.76210043870555, 53.09665985813656), (-51.78919022806038, 53.118672700767526), (-51.81648348524457, 53.1409978310705), (-51.843980197526484, 53.16363523542953), (-51.87168035211316, 53.18658490013442), (-51.89958393615029, 53.209846811380686), (-51.92769093672228, 53.23342095526962), (-51.956001340852175, 53.25730731780825), (-51.98451513550173, 53.28150588490936), (-52.0132323075714, 53.30601664239151), (-52.04215284390033, 53.33083957597903), (-52.07127673126638, 53.35597467130201), (-52.1006039563861, 53.38142191389635)]",True
1783881732.0190964,0,-51.11352190871863,52.606920769198155,0.8132289624703317,265.9485291835737,-0.47662716086792045,-44.00320777439108,51.227932348385465,1.1355539969772594,270.3819468994022,-0.4395222880146221,7.110314134327552,-1.3789884208126892,0.32232503450692773,4.433417715828455,0.03710487285329833,"[(-51.02166960498403, 52.56611050377386), (-51.040988001041484, 52.57746225128655), (-51.06051176756363, 52.58912964367132), (-51.080240893954766, 52.6011126703129), (-51.10017536955592, 52.6134113204987), (-51.12031518364489, 52.62602558341877), (-51.14066032543623, 52.63895544816584), (-51.16121078408125, 52.6522009037353), (-51.181966548668015, 52.665761939025224), (-51.20292760822139, 52.67963854283637), (-51.224093951702976, 52.69383070387219), (-51.2454655680112, 52.708338410738804), (-51.26704244598123, 52.72316165194507), (-51.28882457438506, 52.73830041590253), (-51.31081194193145, 52.75375469092543), (-51.33300453726597, 52.76952446523076), (-51.35540234897101, 52.785609726938205), (-51.37800536556575, 52.802010464070186), (-51.400813575506184, 52.818726664551875), (-51.42382696718515, 52.83575831621116), (-51.44704552893227, 52.853105406778695), (-51.47046924901403, 52.87076792388788), (-51.49409811563374, 52.88874585507487), (-51.51793211693154, 52.90703918777859), (-51.54197124098443, 52.92564790934072), (-51.56621547580625, 52.94457200700573), (-51.5906648093477, 52.963811467920884), (-51.61531922949633, 52.98336627913622), (-51.64017872407656, 53.00323642760456), (-51.665243280849694, 53.02342190018155), (-51.69051288751389, 53.04392268362564), (-51.715987531704194, 53.06473876459807), (-51.741667200992545, 53.08587012966292), (-51.767551882887766, 53.10731676528711), (-51.79364156483558, 53.12907865784036), (-51.81993623421861, 53.151155793595244), (-51.84643587835639, 53.173548158727186), (-51.87314048450535, 53.19625573931445), (-51.90005003985886, 53.219278521338175), (-51.927164531547206, 53.24261649068235), (-51.954483946637595, 53.266269633133845), (-51.982008272134166, 53.29023793438239), (-52.009737494978, 53.31452138002062), (-52.03767160204713, 53.33911995554406), (-52.065810580156544, 53.36403364635112)]",True
1783881732.0646226,0,-51.15009038091924,52.624115632946015,0.8046069699446889,265.9485291835737,-0.47662716086792045,-44.05701485023222,51.2451081461767,1.1254166543310589,270.3819468994022,-0.4395222880146221,7.093075530687017,-1.3790074867693178,0.3208096843863699,4.433417715828455,0.03710487285329833,"[(-51.064143689178806, 52.585595559948324), (-51.08510989688291, 52.597649211118245), (-51.106283346638946, 52.61001995508122), (-51.127664027209754, 52.62270778089651), (-51.149251927293726, 52.63571267752461), (-51.1710470355248, 52.64903463382725), (-51.19304934047248, 52.66267363856743), (-51.215258830641815, 52.676629680409405), (-51.237675494473436, 52.69090274791868), (-51.26029932034355, 52.705492829562026), (-51.28313029656392, 52.72039991370752), (-51.3061684113819, 52.73562398862448), (-51.329413652980435, 52.75116504248354), (-51.352866009478056, 52.76702306335661), (-51.37652546892889, 52.783198039216906), (-51.40039201932267, 52.799689957938945), (-51.42446564858474, 52.81649880729856), (-51.448746344576044, 52.83362457497288), (-51.473234095093154, 52.85106724854039), (-51.49792888786826, 52.86882681548087), (-51.52283071056919, 52.88690326317546), (-51.547939550799384, 52.90529657890663), (-51.57325539609794, 52.92400674985819), (-51.5987782339396, 52.94303376311531), (-51.624508051734736, 52.962377605664514), (-51.650444836829394, 52.98203826439371), (-51.67658857650528, 53.00201572609215), (-51.70293925797975, 53.02230997745049), (-51.729496868405846, 53.04292100506075), (-51.75626139487228, 53.063848795416355), (-51.783232824403456, 53.085093334912116), (-51.81041114395944, 53.10665460984426), (-51.83779634043603, 53.128532606410424), (-51.86538840066468, 53.15072731070964), (-51.89318731141257, 53.17323870874239), (-51.92119305938259, 53.19606678641056), (-51.949405631213345, 53.2192115295175), (-51.977825013479155, 53.242672923767984), (-52.00645119269007, 53.26645095476824), (-52.035284155291876, 53.29054560802596), (-52.064323887666085, 53.31495686895029), (-52.09357037612996, 53.33968472285185), (-52.12302360693652, 53.36472915494274), (-52.15268356627453, 53.39009015033653), (-52.18255024026851, 53.415767694048306)]",True
1783881732.1198938,0,-51.172185499370066,52.633745214466174,0.8024465251726978,265.9485291835737,-0.47662716086792045,-44.08925014553377,51.25500516054032,1.1228765026368037,270.3819468994022,-0.4395222880146221,7.082935353836298,-1.3787400539258527,0.32042997746410595,4.433417715828455,0.03710487285329833,"[(-51.12696274436581, 52.61524700086211), (-51.14808846290064, 52.6273000955404), (-51.16942079326387, 52.63966983556207), (-51.19095972421004, 52.65235621001947), (-51.212705244429635, 52.66535920790663), (-51.234657342549085, 52.678678818119266), (-51.25681600713075, 52.69231502945477), (-51.279181226672954, 52.70626783061222), (-51.30175298960997, 52.7205372101924), (-51.32453128431203, 52.73512315669779), (-51.34751609908534, 52.750025658532586), (-51.37070742217206, 52.7652447040027), (-51.39410524175035, 52.78078028131574), (-51.41770954593433, 52.79663237858109), (-51.44152032277411, 52.81280098380981), (-51.465537560255804, 52.82928608491473), (-51.489761246301505, 52.846087669710414), (-51.51419136876931, 52.863205725913176), (-51.53882791545333, 52.88064024114109), (-51.56367087408369, 52.898391202913984), (-51.58872023232652, 52.91645859865347), (-51.61397597778399, 52.934842415682915), (-51.63943809799427, 52.95354264122747), (-51.665106580431605, 52.97255926241408), (-51.69098141250623, 52.99189226627147), (-51.717062581564456, 53.01154163973018), (-51.74335007488863, 53.03150736962255), (-51.76984387969716, 53.05178944268272), (-51.79654398314452, 53.07238784554664), (-51.82345037232121, 53.09330256475212), (-51.85056303425386, 53.11453358673877), (-51.877881955905124, 53.13608089784805), (-51.90540712417377, 53.15794448432326), (-51.93313852589464, 53.18012433230954), (-51.96107614783868, 53.202620427853894), (-51.989219976712924, 53.22543275690519), (-52.0175699991605, 53.24856130531417), (-52.046126201760664, 53.27200605883343), (-52.07488857102878, 53.29576700311748), (-52.10385709341632, 53.31984412372269), (-52.13303175531091, 53.34423740610734), (-52.16241254303628, 53.36894683563161), (-52.191999442852314, 53.3939723975576), (-52.221792440955035, 53.4193140770493), (-52.251791523476605, 53.44497185917265)]",True
1783881732.1645255,0,-51.18705909178898,52.63974891703873,0.8016043766929815,265.9485291835737,-0.47662716086792045,-44.110754854954806,51.26144088847863,1.1218863431496005,270.3819468994022,-0.4395222880146221,7.076304236834176,-1.3783080285600988,0.320281966456619,4.433417715828455,0.03710487285329833,"[(-51.141146893527164, 52.62195461369716), (-51.16061145793878, 52.63318200949338), (-51.18028163238563, 52.64472559288862), (-51.20015740618951, 52.656585353266294), (-51.22023876860865, 52.66876127991197), (-51.24052570883773, 52.68125336201332), (-51.26101821600787, 52.69406158866017), (-51.28171627918664, 52.70718594884447), (-51.30261988737807, 52.72062643146033), (-51.32372902952267, 52.734383025304), (-51.345043694497384, 52.74845571907389), (-51.36656387111566, 52.76284450137059), (-51.3882895481274, 52.77754936069682), (-51.41022071421901, 52.79257028545751), (-51.43235735801335, 52.807907263959756), (-51.454699468069805, 52.82356028441285), (-51.477247032884236, 52.839529334928265), (-51.50000004088902, 52.85581440351967), (-51.52295848045302, 52.872415478102944), (-51.546122339881634, 52.88933254649618), (-51.56949160741676, 52.906565596419675), (-51.59306627123683, 52.924114615495945), (-51.61684631945679, 52.941979591249755), (-51.64083174012813, 52.960160511108086), (-51.66502252123887, 52.978657362400156), (-51.68941865071357, 52.997470132357435), (-51.71402011641335, 53.01659880811365), (-51.73882690613586, 53.03604337670478), (-51.76383900761534, 53.05580382506907), (-51.78905640852255, 53.07588014004703), (-51.81447909646486, 53.09627230838145), (-51.840107058986185, 53.11698031671741), (-51.865940283567035, 53.13800415160227), (-51.8919787576245, 53.15934379948568), (-51.91822246851225, 53.18099924671962), (-51.94467140352056, 53.20297047955835), (-51.97132554987631, 53.225257484158455), (-51.99818489474297, 53.24786024657883), (-52.02524942522063, 53.27077875278072), (-52.05251912834599, 53.29401298862769), (-52.07999399109239, 53.317562939885654), (-52.107674000369755, 53.34142859222286), (-52.13555914302469, 53.365609931209924), (-52.16364940584043, 53.39010694231981), (-52.191944775536825, 53.41491961092786)]",True
1783881732.214158,0,-51.209554447325374,52.64821201061247,0.8008520057214485,265.9485291835737,-0.47662716086792045,-44.14293372333951,51.27125460262959,1.1210017399314,270.3819468994022,-0.4395222880146221,7.066620723985864,-1.3769574079828786,0.3201497342099515,4.433417715828455,0.03710487285329833,"[(-51.15414277220343, 52.628083331504314), (-51.17211225414207, 52.638565135417736), (-51.19028693569213, 52.64936310070893), (-51.20866680665051, 52.66047721699498), (-51.227251856750705, 52.6719074737951), (-51.24604207566276, 52.68365386053069), (-51.265037452993305, 52.695716366525275), (-51.28423797828557, 52.70809498100458), (-51.30364364101935, 52.72078969309648), (-51.32325443061106, 52.733800491831026), (-51.34307033641368, 52.74712736614047), (-51.36309134771683, 52.76077030485924), (-51.383317453746706, 52.77472929672396), (-51.40374864366613, 52.78900433037345), (-51.42438490657454, 52.80359539434875), (-51.445226231507995, 52.81850247709309), (-51.46627260743918, 52.833725566951934), (-51.48752402327741, 52.84926465217296), (-51.50898046786863, 52.86511972090608), (-51.530641929995454, 52.88129076120344), (-51.552508398377114, 52.89777776101943), (-51.57457986166949, 52.914580708210664), (-51.596856308465135, 52.93169959053604), (-51.619337727293264, 52.94913439565669), (-51.642024106619736, 52.96688511113603), (-51.66491543484711, 52.98495172443972), (-51.68801170031459, 53.00333422293572), (-51.711312891298086, 53.022032593894274), (-51.73481899601018, 53.04104682448789), (-51.75853000260015, 53.0603769017914), (-51.78244589915398, 53.080022812781905), (-51.80656667369433, 53.09998454433885), (-51.83089231418057, 53.120262083243965), (-51.85542280850882, 53.1408554161813), (-51.88015814451187, 53.161764529737255), (-51.90509830995924, 53.18298941040054), (-51.93024329255721, 53.204530044562205), (-51.95559307994874, 53.22638641851566), (-51.98114765971357, 53.24855851845666), (-52.00690701936817, 53.2710463304833), (-52.03287114636575, 53.29384984059607), (-52.059040028096284, 53.3169690346978), (-52.085413651886505, 53.34040389859373), (-52.11199200499989, 53.36415441799145), (-52.13877507463671, 53.38822057850096)]",True
1783881732.266827,0,-51.217089392435014,52.65092272136976,0.8006899565005897,265.9485291835737,-0.47662716086792045,-44.15366462081727,51.274493558098364,1.120811209903392,270.3819468994022,-0.4395222880146221,7.063424771617747,-1.3764291632713963,0.3201212534028023,4.433417715828455,0.03710487285329833,"[(-51.16735651946468, 52.63414643280144), (-51.18403311236764, 52.64397164252697), (-51.20091451576135, 52.65411293067471), (-51.218000719857386, 52.66457028707163), (-51.235291714804085, 52.67534370144698), (-51.25278749068648, 52.68643316343221), (-51.270488037526356, 52.69783866256104), (-51.28839334528221, 52.709560188269414), (-51.30650340384929, 52.72159772989555), (-51.32481820305959, 52.7339512766799), (-51.34333773268185, 52.74662081776521), (-51.36206198242156, 52.75960634219648), (-51.38099094192096, 52.772907838920986), (-51.40012460075907, 52.786525296788284), (-51.419462948451674, 52.80045870455022), (-51.439005974451305, 52.81470805086094), (-51.45875366814729, 52.82927332427688), (-51.47870601886573, 52.84415451325678), (-51.498863015869524, 52.859351606161695), (-51.519224648358346, 52.87486459125498), (-51.53979090546867, 52.89069345670234), (-51.560561776273765, 52.90683819057177), (-51.581537249783715, 52.923298780833626), (-51.6027173149454, 52.9400752153606), (-51.62410196064253, 52.957167481927726), (-51.64569117569561, 52.97457556821237), (-51.66748494886199, 52.99229946179429), (-51.68948326883585, 53.01033915015557), (-51.71168612424819, 53.0286946206807), (-51.73409350366684, 53.04736586065652), (-51.7567053955965, 53.06635285727224), (-51.7795217884787, 53.08565559761949), (-51.80254267069183, 53.10527406869228), (-51.82576803055114, 53.125208257387015), (-51.84919785630873, 53.1454581505025), (-51.872832136153576, 53.16602373473997), (-51.89667085821154, 53.18690499670306), (-51.920714010545346, 53.20810192289785), (-51.94496158115461, 53.22961449973283), (-51.969413557975834, 53.25144271351894), (-51.99406992888241, 53.27358655046957), (-52.01893068168464, 53.296045996700535), (-52.043995804129715, 53.318821038230126), (-52.06926528390175, 53.3419116609791), (-52.094739108621766, 53.36531785077067)]",True
1783881732.3361764,0,-51.23215639174428,52.65633990798749,0.8004524610451984,265.9485291835737,-0.47662716086792045,-44.17592243561448,51.281143071460605,1.1676029867412876,276.5218307025978,0.04114046870825661,7.056233956129802,-1.3751968365268823,0.3671505256960892,10.573301519024085,0.5177676295761771,"[(-51.18768824412594, 52.642856328211245), (-51.20275107688692, 52.65182184087308), (-51.21801818609232, 52.661103259660024), (-51.23348956247517, 52.67070057467791), (-51.24916519670543, 52.68061377593497), (-51.26504507939002, 52.69084285334186), (-51.281129201072844, 52.70138779671164), (-51.297417552234755, 52.71224859575979), (-51.31391012329359, 52.723425240104206), (-51.33060690460415, 52.73491771926522), (-51.34750788645823, 52.746726022665584), (-51.3646130590846, 52.7588501396305), (-51.381922412649004, 52.77129005938763), (-51.39943593725421, 52.784045771067056), (-51.417153622939956, 52.79711726370133), (-51.43507545968301, 52.810504526225465), (-51.45320143739713, 52.824207547476945), (-51.471531545933075, 52.83822631619573), (-51.49006577507865, 52.85256082102424), (-51.50880411455865, 52.86721105050739), (-51.527746554034906, 52.8821769930926), (-51.54689308310629, 52.89745863712975), (-51.5662436913087, 52.913055970871255), (-51.585798368115064, 52.928968982472014), (-51.605557102935364, 52.945197659989454), (-51.62551988511663, 52.961741991383505), (-51.64568670394294, 52.97860196451664), (-51.666057548635436, 52.99577756715386), (-51.68663240835232, 53.01326878696268), (-51.70741127218885, 53.03107561151318), (-51.728394129177374, 53.049198028277985), (-51.749580968287304, 53.067636024632264), (-51.77097177842515, 53.08638958785376), (-51.792566548434486, 53.10545870512277), (-51.81436526709599, 53.124843363522174), (-51.836367923127426, 53.14454355003743), (-51.858574505183675, 53.164559251556575), (-51.88098500185671, 53.184890454870235), (-51.90359940167563, 53.20553714667165), (-51.92641769310663, 53.226499313556644), (-51.94943986455304, 53.24777694202366), (-51.97266590435532, 53.26937001847377), (-51.99609580079104, 53.29127852921064), (-52.01972954207492, 53.313502460440596), (-52.04356711635882, 53.336041798272575)]",True
1783881732.4012134,0,-51.23215639174428,52.65633990798749,0.8004524610451984,265.9485291835737,-0.47662716086792045,-44.17592243561448,51.281143071460605,1.1676029867412876,276.5218307025978,0.04114046870825661,7.056233956129802,-1.3751968365268823,0.3671505256960892,10.573301519024085,0.5177676295761771,"[(-51.20862200305429, 52.65097850646878), (-51.22239831534793, 52.65920215085848), (-51.23637842742361, 52.66774148869006), (-51.25056233043381, 52.676596510313736), (-51.26495001546821, 52.68576720598232), (-51.27954147355368, 52.69525356585127), (-51.29433669565428, 52.70505557997862), (-51.309335672671295, 52.71517323832507), (-51.32453839544319, 52.725606530753936), (-51.339944854745646, 52.73635544703117), (-51.35555504129156, 52.74741997682538), (-51.37136894573104, 52.75880010970779), (-51.38738655865143, 52.77049583515231), (-51.40360787057729, 52.782507142535486), (-51.420032871970406, 52.79483402113655), (-51.43666155322981, 52.807476460137394), (-51.45349390469177, 52.82043444862257), (-51.470529916629786, 52.83370797557933), (-51.487769579254625, 52.847297029897604), (-51.5052128827143, 52.86120160037001), (-51.522859817094066, 52.875421675691875), (-51.540710372416456, 52.88995724446122), (-51.55876453864127, 52.90480829517878), (-51.577022305665565, 52.919974816248), (-51.59548366332369, 52.93545679597504), (-51.61414860138726, 52.9512542225688), (-51.633017109565166, 52.967367084140896), (-51.65208917750362, 52.98379536870569), (-51.67136479478609, 53.00053906418029), (-51.69084395093338, 53.017598158384544), (-51.710526635403546, 53.03497263904107), (-51.730412837592, 53.05266249377524), (-51.750502546831434, 53.070667710115174), (-51.77079575239188, 53.0889882754918), (-51.791292443480664, 53.107624177238804), (-51.811992609242466, 53.12657540259266), (-51.832896238759275, 53.14584193869262), (-51.85400332105043, 53.165423772580766), (-51.87531384507259, 53.18532089120197), (-51.89682779971979, 53.20553328140389), (-51.91854517382339, 53.226060929937034), (-51.9404659561521, 53.24690382345471), (-51.96259013541203, 53.268061948513065), (-51.9849177002466, 53.289535291571084), (-52.00744863923663, 53.31132383899058)]",True
